"Tiki Ä‘Ã³ng gÃ³i cáº©n tháº­n, giao hÃ ng há»a tá»‘c siÃªu nhanh luÃ´n.
SÃ¡ch ráº¥t má»›i, bá»c nilon ká»¹ cÃ ng. Cuá»‘n sÃ¡ch ráº¥t há»¯u Ã­ch cho má»i ngÆ°á»i sáº¯p xáº¿p láº¡i cÃ¡ch quáº£n lÃ½ tÃ i chÃ­nh cá»§a mÃ¬nh vÃ  Ä‘áº§u tÆ° hiá»‡u quáº£ hÆ¡n. CÃ¡m Æ¡n tÃ¡c giáº£ LÃ¢m Minh ChÃ¡nh Ä‘Ã£ Ä‘em Ä‘áº¿n nhá»¯ng kiáº¿n thá»©c, kinh nghiá»‡m vÃ  bÃ­ kÃ­p tuyá»‡t vá»i ğŸ‘ ",0
"SÃ¡ch Ä‘Æ°á»£c bá»c nilon cáº©n tháº­n. giáº¥y in dÃ y vÃ  cháº¥t lÆ°á»£ng. Má»±c in mÃ u rÃµ nÃ©t vÃ  Ä‘á»u. CÃ³ kÃ¨m mÃ£ Ä‘Äƒng nháº­p khÃ³a há»c onl ráº¥t bá»• Ã­ch. Vá» ná»™i dung thÃ¬ mÃ¬nh Ä‘Ã¡nh giÃ¡ cao cuá»‘n nÃ y vÃ¬ lÆ°á»£ng kiáº¿n thá»©c má»›i máº», sÃ¡t vá»›i hoÃ n cáº£nh Viá»‡t Nam vÃ  cÃ¡ch viáº¿t cÅ©ng sÃºc tÃ­ch, dá»… hiá»ƒu. Vá»›i mÃ¬nh cuá»‘n nÃ y xá»©ng Ä‘Ã¡ng sá»‘ tiá»n 2***Ä‘ vÃ  mÃ¬nh khuyáº¿n khÃ­ch má»i ngÆ°á»i nÃªn mua. ",0
"In rÃµ chá»¯, giáº¥y tá»‘t
Ná»™i dung sÃ¡ch khÃ´ng cÃ³ gÃ¬ pháº£i bÃ n
TÃ¡c giáº£ lÃ  ngÆ°á»i Viá»‡t, am hiá»ƒu vÄƒn hoÃ¡ Viá»‡t Nam nÃªn ná»™i dung sÃ¡ch ráº¥t phÃ¹ há»£p cho ngÆ°á»i Viá»‡t.
MÃ¬nh nghÄ© má»—i ngÆ°á»i hay má»—i há»™ gia Ä‘Ã¬nh nÃªn cÃ³ má»™t quyá»ƒn nÃ y, sÃ¡ch hÆ°á»›ng dáº«n khÃ¡ rÃµ rÃ ng hÃ nh trÃ¬nh tá»« cÃ¡ch giáº£m chi tiÃªu Ä‘á»ƒ tiáº¿t kiá»‡m, tá»« Ä‘Ã³ cÃ³ dÆ° vá»‘n Ä‘i Ä‘áº§u tÆ° vÃ  Ä‘áº§u tÆ° vÃ o Ä‘Ã¢u cÅ©ng nhÆ° trÃ¡nh cÃ¡ch cáº¡m báº«y Ä‘áº§u tÆ° ""high risk high return"" ",0
"ChÃºng ta khÃ´ng thá»ƒ phá»§ nháº­n ráº±ng ká»¹ nÄƒng quáº£n lÃ½ chi tiÃªu cá»§a báº£n thÃ¢n quan trá»ng hÆ¡n sá»‘ tiá»n mÃ  mÃ¬nh Ä‘ang cÃ³. Náº¿u báº¡n cÃ³ thá»ƒ hiá»ƒu Ä‘Æ°á»£c khÃ¡i niá»‡m vá» quáº£n lÃ½  tÃ i chÃ­nh cÃ¡ nhÃ¢n, thÃ¬ báº¡n sáº½ cÃ³ thÃªm ráº¥t nhiá»u tiá»n. VÃ¬ tháº¿ quyá»ƒn sÃ¡ch TÃ i ChÃ­nh CÃ¡ NhÃ¢n dÃ nh cho ngÆ°á»i Viá»‡t Nam vÃ´ cÃ¹ng bá»• Ã­ch cho má»—i ngÆ°á»i chÃºng ta. Ná»™i dung vÃ  giá»ng vÄƒn vÃ´ cÃ¹ng dá»… hiá»ƒu. Äá»c sÃ¡ch nÃ y xong mÃ¬nh Ä‘Ã£ cÃ³ thá»ƒ biáº¿t cÃ¡ch quáº£n lÃ½ tiá»n báº¡c cá»§a báº£n thÃ¢n vÃ  sá»­ dá»¥ng, báº£o vá»‡ tiá»n tá»‘t hÆ¡n. ",0
"Quyá»ƒn sÃ¡ch lÃ  sá»± Ä‘Ãºc káº¿t vÃ  chia sáº» ráº¥t quÃ½ giÃ¡ nhá»¯ng kiáº¿n thá»©c vá» tÃ i chÃ­nh cÃ¡ nhÃ¢n mÃ  báº¥t kÃ¬ ai cÅ©ng nÃªn sá»Ÿ há»¯u. TÃ´i hi vá»ng ná»n táº£ng kiáº¿n thá»©c tá»« cuá»‘n sÃ¡ch nÃ y sáº½ lan tá»a Ä‘áº¿n táº¥t cáº£ cÃ¡c cÃ´ng dÃ¢n Viá»‡t Nam Ä‘ang cÃ³ mong muá»‘n kiáº¿n táº¡o má»™t cuá»™c sá»‘ng thá»‹nh vÆ°á»£ng, Ä‘áº·c biá»‡t lÃ  tháº¿ há»‡ nhá»¯ng báº¡n tráº» hÃ£y tiáº¿p cáº­n vÃ  váº­n dá»¥ng cÃ ng sá»›m cÃ ng tá»‘t. Má»™t khi báº£n thÃ¢n vÃ  gia Ä‘Ã¬nh cá»§a má»—i cÃ¡ nhÃ¢n Ä‘Ã£ thá»‹nh vÆ°á»£ng thÃ¬ viá»‡c Ä‘Æ°a Ä‘áº¥t nÆ°á»›c nÃ¢ng táº§m phÃ¡t triá»ƒn cao hÆ¡n sáº½ Ä‘áº¿n trong tÆ°Æ¡ng lai ráº¥t gáº§n. 
Cáº£m Æ¡n tÃ¡c giáº£ cuá»‘n sÃ¡ch Anh LÃ¢m Minh ChÃ¡nh ráº¥t nhiá»u! ",0
"KhÃ´ng biáº¿t con em Ä‘i Ä‘Ã¢u lÃ´i vá» quyá»ƒn sÃ¡ch, xong nÃ³i: bÃ  Ä‘á»c Ä‘i chá»© tháº¥y bÃ  chÆ°a biáº¿t quáº£n lÃ½ tiá»n báº¡c gÃ¬ cáº£. Ban Ä‘áº§u khÃ´ng Ä‘á»‹nh Ä‘á»c mÃ  láº­t vÃ i trang tháº¥y hay quÃ¡ nÃªn ngá»“i má»™t máº¡ch tá»« 8h tá»‘i Ä‘áº¿n 3h sÃ¡ng Ä‘Æ°á»£c 3 pháº§n. :))  SÃ¡ch hay, ná»™i dung cháº¥t lÆ°á»£ng, vÃ  mÃ¬nh Ä‘ang Ä‘á»‹nh Ä‘áº·t thÃªm vÃ i quyá»ƒn táº·ng cho báº¡n bÃ¨. ",0
"Thá»±c sá»± Ä‘Ã³ giá» mÃ¬nh lÃ m kinh doanh mÃ  khÃ´ng chá»‹u Ä‘á»ƒ Ã½ dÃ²ng tiá»n, nÃªn ngay khi Ä‘á»c Ä‘Æ°á»£c ná»­a quyá»ƒn sÃ¡ch lÃ  tháº¥y lá»— há»•ng tÃ i chÃ­nh cá»§a mÃ¬nh quÃ¡ lá»›n. 
Tá»« viá»‡c Ä‘áº§u tÆ°, dá»± doÃ¡n vÃ  tÃ­nh toÃ¡n rá»§i ro, tá»· suáº¥t sinh lá»i cá»§a má»™t dá»± Ã¡n báº¥t ká»³...MÃ¬nh thÃ­ch nháº¥t vá» má»¥c Vay Tiá»n Ä‘á»ƒ Ä‘áº§u tÆ° vÃ  má»¥c phÃ¢n tÃ­ch. Táº¡i sao khi trading láº¡i hay bá»‹ lá»—...NÃ³i chung sÃ¡ch hay, Ä‘Ã¡ng giÃ¡ Ä‘á»ƒ mua. Vote 5 sao. ",0
"ÄÆ°á»£c con báº¡n táº·ng cho, má»›i Ä‘áº§u tÆ°á»Ÿng khÃ´ng hay mÃ  hoÃ¡ ra hay khÃ´ng tÆ°á»Ÿng. :)) Má»™t quyá»ƒn sÃ¡ch kinh táº¿ tÃ i chÃ­nh hay, khÃ´ng chá»‰ dÃ nh cho nhá»¯ng ngÆ°á»i kinh doanh mÃ  nhá»¯ng ai muá»‘n quáº£n lÃ½ chi tiÃªu cá»§a mÃ¬nh ráº¥t nÃªn Ä‘á»c. Cuá»‘n sÃ¡ch giÃºp chÃºng ta hiá»ƒu Ä‘Ãºng hÆ¡n vá» nguá»“n tiá»n cá»§a báº£n thÃ¢n.  Tá»« cÃ¡ch  tiáº¿t kiá»‡m tiá»n nhÆ° tháº¿ nÃ o, hay tháº¿ nÃ o lÃ  báº£o vá»‡ tiá»n cá»§a chÃºng ta, Ä‘áº§u tÆ° Ä‘á»“ng tiá»n ra sao cho Ä‘Ãºng.... Ä‘á»u lÃ  nhá»¯ng váº¥n Ä‘á» tÃ i chÃ­nh ráº¥t cÆ¡ báº£n mÃ  khÃ´ng pháº£i ai cÅ©ng hiá»ƒu Ä‘Ãºng. Cuá»‘n sÃ¡ch khai sÃ¡ng cho mÃ¬nh nhá»¯ng Ä‘iá»u cÆ¡ báº£n Ä‘Ã³, mÃ  trÆ°á»›c Ä‘Ã¢y cÃ²n má»‹t má», mÃ´ng lung trong viá»‡c quáº£n lÃ½ tÃ i chÃ­nh cá»§a báº£n thÃ¢n. ",0
"MiÌ€nh moÌ›Ìi nhaÌ£Ì‚n Ä‘uÌ›oÌ›Ì£c saÌch vaÌ€ Ä‘aÌƒ Ä‘oÌ£c Ä‘uÌ›oÌ›Ì£c 2 chuÌ›oÌ›ng.  miÌ€nh caÌ‰m thaÌ‚Ìy khaÌ baÌ‚Ìt ngoÌ›Ì€ viÌ€ biÌ€a saÌch khaÌ Ä‘eÌ£p, gioÌ‚Ìng caÌc loaÌ£i saÌch veÌ‚Ì€ Mindset miÌ€nh hay Ä‘oÌ£c. ? NhuÌ›ng caÌi baÌ‚Ìt ngoÌ›Ì€ nhaÌ‚Ìt laÌ€ coÌ hiÌ€nh minh hoÌ£a cho deÌ‚Ìƒ hieÌ‚Ì‰u, neÌ‚n duÌ€ Ä‘oÌ£c saÌch taÌ€i chiÌnh nhuÌ›ng khoÌ‚ng thaÌ‚Ìy khoÌ‚ khan laÌ†Ìm. ? thieÌ£Ì‚t laÌ€ cuÌ›ng. â¤ ",0
"SÃ¡ch cÃ³ bÃ¬a giáº¥y dÃ y, cÃ³ lá»›p bá»c chá»‘ng tháº¥m má»“ hÃ´i, Ä‘Æ°á»£c in mÃ u,chá»¯ Ä‘áº¹p vÃ  rÃµ...Ráº¥t Æ°ng má»Ÿ ra láº¥y sÃ¡ch ra, lÃªn gháº¿ pha ly ca fe Ä‘á»c liá»n.",0
"Sau khi Ä‘á»c xong quyá»ƒn nÃ y mÃ¬nh nghÄ© ai cÅ©ng nÃªn cÃ³ quyá»ƒn sÃ¡ch nÃ y trong tá»§ sÃ¡ch. KhÃ´ng vÃ¬ kinh doanh, khÃ´ng vÃ¬ Ä‘áº§u tÆ°, chá»‰ vÃ¬ báº¡n muá»‘n hoáº¡ch Ä‘á»‹nh tÃ i chÃ­nh cÃ¡ nhÃ¢n tá»‘t hÆ¡n, sá»­ dá»¥ng vÃ  báº£o vá»‡ tiá»n cá»§a mÃ¬nh há»£p lÃ½ hÆ¡n. ",0
"MÃ¬nh tÃ¬nh cá» tháº¥y 1 anh báº¡n giá»›i thiá»‡u sÃ¡ch nÃªn Ä‘áº·t mua theo. VÃ  cÅ©ng k ngá» lÃ  quyá»ƒn sÃ¡ch láº¡i cÃ³ nhiá»u ná»™i dung hay nhÆ° váº­y. Báº£n thÃ¢n mÃ¬nh k chá»‰ hiá»ƒu vá» tÃ i chÃ­nh, mÃ  hiá»ƒu thÃªm vá» cÃ¡c kÃªnh kiáº¿m tiá»n thá»¥ Ä‘á»™ng - Ä‘iá»u mÃ  trÆ°á»›c Ä‘Ã¢y mÃ¬nh ko biáº¿t, hoáº·c chÆ°a náº¯m rÃµ thÃ´ng tin. :)) NÃªn mÃ¬nh Ä‘Ã¡nh giÃ¡ sÃ¡ch 5* l. ",0
"SaÌch khaÌ okie. TiÌnh aÌp duÌ£ng cao  MiÌ€nh laÌ€ daÌ‚n ngaÌ‚n haÌ€ng, tuÌ› vaÌ‚Ìn taÌ€i chiÌnh cho khaÌ nhieÌ‚Ì€u nguÌ›oÌ›Ì€i, vaÌ£Ì‚y maÌ€ miÌ€nh coÌ€n thaÌ‚Ìy hoÌ£c Ä‘uÌ›oÌ›Ì£c nhieÌ‚Ì€u Ä‘ieÌ‚Ì€u laÌ†Ìm tuÌ›Ì€ quyeÌ‚Ì‰n saÌch naÌ€y. ÄaÌ£Ì†c bieÌ£Ì‚t miÌ€nh thiÌch nhuÌ›Ìƒng Ä‘oaÌ£n taÌc giaÌ‰ phaÌ‚n tiÌch veÌ‚Ì€ ruÌ‰i ro khi Ä‘aÌ‚Ì€u tuÌ›, noÌ k chiÌ‰ aÌp duÌ£ng cho vieÌ£Ì‚c mua bds maÌ€ coÌ€n coÌ theÌ‚Ì‰ duÌ€ng Ä‘eÌ‚Ì‰ thaÌ‚Ì‰m Ä‘iÌ£nh giaÌ triÌ£ taÌ€i saÌ‰n cuÌ‰a moÌ£Ì‚t coÌ‚ng ty maÌ€ miÌ€nh Ä‘iÌ£nh Ä‘aÌ‚Ì€u tuÌ› vaÌ€o...:)) ",0
"MÃ¬nh cá»±c kÃ¬ tÃ¢m Ä‘áº¯c cuá»‘n nÃ y, cuá»‘n nÃ y cung cáº¥p cÃ¡i nhÃ¬n rá»™ng vá» thÃª giÆ¡i tÃ i chÃ­nh VN, ráº¥t cáº§n thiáº¿t cho má»i ngÆ°á»i luÃ´n, ai cÅ©ng nÃªn há»c vá» tÃ i chÃ­nh, vá» Ä‘Ã¢u tÆ°, Ä‘Ã¡ng láº½ mÃ´n nÃ y nÃªn Ä‘Æ°á»£c há»c tá»« nhá».",0
"LÃ m bao nhiÃªu váº«n khÃ´ng tháº¥y dÆ°. LÃ£nh lÆ°Æ¡ng ra lÃ  chi tráº£ cÃ¡c khoáº£n háº¿t sáº¡ch tiá»n. Äáº¿n khi Ä‘á»c quyá»ƒn TÃ i chÃ­nh cÃ¡ nhÃ¢n cá»§a BÃ¡c LÃ¢m Minh ChÃ¡nh, Ä‘iá»u chá»‰nh láº¡i má»i thá»© thÃ¬ tháº¥y cÃ¡ch quáº£n lÃ½ tiá»n báº¡c cá»§a mÃ¬nh khÃ´ng khoa há»c dáº«n Ä‘áº¿n viá»‡c thiáº¿u há»¥t suá»‘t. ",0
"Má»™t quyá»ƒn sÃ¡ch hay vÃ  ráº¥t thÃº vá»‹. 
SÃ¡ch cung cáº¥p nhiá»u kiáº¿n thá»©c há»¯u Ã­ch vá» tÃ i chÃ­nh dÃ nh cho cÃ¡ nhÃ¢n, Ä‘áº·c biá»‡t lÃ  nhá»¯ng ngÆ°á»i má»›i tÃ¬m hiá»ƒu vá» Ä‘áº§u tÆ° vÃ ng, chá»©ng khoÃ¡n, dá»± Ã¡n ...

NgoÃ i ra cÃ²n táº·ng kÃ¨m code cho khoÃ¡ há»c cÅ©ng khÃ¡ há»¯u Ã­ch, cÃ¡c báº¡n nhá»› kiá»ƒm tra Ä‘á»ƒ Ä‘áº£m báº£o sÃ¡ch tháº­t, Ä‘Ãºng quyá»n lá»£i cá»§a mÃ¬nh nhÃ©. 

BÃªn cáº¡nh Ä‘Ã³, sÃ¡ch cÅ©ng Ä‘Æ°a ra nhá»¯ng vÃ­ dá»¥ trá»±c quan, case study cho cÃ¡c kiáº¿n thá»©c Ä‘Æ°á»£c Ä‘á» cáº­p. 

NÃ³i chung sÃ¡ch dá»… Ä‘á»c, dá»… lÃ m theo vÃ  há»¯u Ã­ch cho má»i ngÆ°á»i. ",0
"Quyá»ƒn sÃ¡ch tÃ i chÃ­nh Ä‘á»c dá»… hiá»ƒu nháº¥t mÃ  mÃ¬nh tá»«ng Ä‘á»c. CÅ©ng muá»‘n dáº¥n thÃ¢n vÃ  kinh doanh nÃªn mÃ¬nh tÃ¬m Ä‘á»c nhá»¯ng quyá»ƒn sÃ¡ch kinh táº¿, quyá»ƒn cá»§a LÃ¢m Minh ChÃ¡nh mÃ¬nh tháº¥y thiáº¿t thá»±c nháº¥t.",0
quyeÌ‚Ì‰n saÌch naÌ€y khaÌ laÌ€ hay vaÌ€ miÌ€nh nghiÌƒ coÌ tiÌnh uÌ›Ìng duÌ£ng cao. MiÌ€nh thiÌch nhaÌ‚Ìt laÌ€ chuÌ‰ Ä‘eÌ‚Ì€ NeÌ‚n mua nhaÌ€ hay thueÌ‚ nhaÌ€ vaÌ€ Ä‘eÌ‚Ì‰ daÌ€nh tieÌ‚Ì€n Ä‘aÌ‚Ì€u tuÌ›....viÌ€ noÌ Ä‘uÌng vaÌ€o caÌi voÌ›Ì£ choÌ‚Ì€ng miÌ€nh Ä‘ang phaÌ‚n vaÌ‚n buÌ›Ìƒa gioÌ›Ì€ luoÌ‚n ,0
"SÃ¡ch bá»c cáº©n tháº­n, ráº¥t Ä‘áº¹p. Ná»™i dung sÃ¡ch cung cáº¥p kiáº¿n thá»©c cÆ¡ báº£n vá» tÃ i chÃ­nh & Ä‘áº§u tÆ° cho ngÆ°á»i má»›i nhÆ° mÃ¬nh, Ä‘áº·c biá»‡t tÃ¡c giáº£ lÃ  chuyÃªn gia ngÆ°á»i Viá»‡t nÃªn sá»­ dá»¥ng ngÃ´n tá»« ráº¥t gáº§n gÅ©i dá»… hiá»ƒu. Chá»‘t láº¡i, ai muá»‘n hiá»ƒu vá» tÃ i chÃ­nh thÃ¬ nÃªn mua cuá»‘n nÃ y Ä‘áº§u tiÃªn. CÃ¡m Æ¡n tÃ¡c giáº£ & tiki! ",0
"SÃ¡ch in mÃ u, giáº¥y bÃ³ng mÃ u nhÃ  Ä‘áº¹p, cáº©m nang tÃ i chÃ­nh ráº¥t cáº©n thiáº¿t cho má»—i ngÆ°á»i Viá»‡t",0
"Cáº£m Æ¡n tháº§y LÃ¢m Minh ChÃ¡nh Ä‘Ã£ chá»‰ ra nhá»¯ng cÃ¡i rá»§i ro vÃ  nhá»¯ng sai sÃ³t trong quáº£n lÃ­ tÃ i chÃ­nh cá»§a má»—i cÃ¡ nhÃ¢n, trong cuá»™c sá»‘ng nÃ y náº¿u báº¡n khÃ´ng quáº£n lÃ­ tá»‘t tÃ i chÃ­nh cá»§a mÃ¬nh thÃ¬ cho dÃ¹ báº¡n lÃ m bao nhiÃªu cÅ©ng sáº½ tiÃªu háº¿t báº¥y nhiÃªu, Ä‘áº¿n khi gáº·p Ä‘Æ°á»£c chá»¯ ""ngá»"" thÃ¬ cÃ³ láº½ chá»¯ há»‘i háº­n Ä‘Ã£ muá»™n rá»“i. ",0
"Äá»c quyá»ƒn nÃ y xong mÃ¬nh má»›i tháº¥y cÃ¡ch quáº£n lÃ½ tiá»n báº¡c cá»§a mÃ¬nh cÃ³ váº¥n Ä‘á». Äiá»u chá»‰nh theo nhá»¯ng gÃ¬ Ä‘á»c Ä‘Æ°á»£c thÃ¬ ok hÆ¡n rá»“i. TrÆ°á»›c Ä‘Ã¢y mÃ¬nh cá»© cáº§m cáº£ má»™t sá»‘ tiá»n, cáº§n gÃ¬ lÃ  tiÃªu. Nhiá»u khi tháº¥y tiá»n háº¿t mÃ  khÃ´ng rÃµ vÃ¬ sao láº¡i háº¿t. Ãp dá»¥ng theo nhá»¯ng gÃ¬ anh chia sáº» trong pháº§n "" báº£o vá»‡ tiá»n"" - mÃ¬nh Ä‘Ã£ phÃ¢n chia tiá»n theo tá»«ng khoáº£n nhá» cho tá»«ng má»¥c Ä‘Ã­ch sá»­ dá»¥ng. CÃ¡ch nÃ y quáº£n lÃ½, báº£o vá»‡ tiá»n vÃ´ cÃ¹ng hiá»‡u quáº£ mÃ  láº¡i Ä‘Æ¡n giáº£n. CÃ¡c báº¡n Ä‘ang gáº·p váº¥n Ä‘á» vá» quáº£n lÃ½ tiá»n báº¡c nÃªn Ä‘á»c nha. ",0
"MÃ¬nh Ä‘Ã£ Ä‘á»£i mÃ£i má»›i mua Ä‘Æ°á»£c cuá»‘n sÃ¡ch nÃ y. Tiki giao hÃ ng ráº¥t nhanh, Ä‘Ã³ng gÃ³i chá»‰n chu, cáº©n tháº­n. SÃ¡ch Ä‘Æ°á»£c bá»c má»™t lá»›p bÃ³ng kÃ­nh bÃªn ngoÃ i nÃªn nháº­n vá» tay, mÃ¬nh nháº­n thá»©c rÃµ Ä‘Æ°á»£c tÃ¡c giáº£ vÃ  Tiki Ä‘Ã£ dÃ nh tÃ¢m huyáº¿t cho cuá»‘n sÃ¡ch Ä‘áº¿n tháº¿ nÃ o. MÃ¬nh Ä‘Ã£ Ä‘á»c Ä‘áº¿n  pháº§n 6 "" Má»¥c tiÃªu tÃ i chÃ­nh cÃ¡ nhÃ¢n"" vÃ  vÃ´ cÃ¹ng hÃ i lÃ²ng, tháº¥m thÃ­a vá»›i nhá»¯ng chia sáº» cá»§a tÃ¡c giáº£. Sáº½ cÃ²n Ä‘á»c láº¡i nhiá»u láº§n hÆ¡n ná»¯a Ä‘á»ƒ nghiá»n ngáº«m vá» nhá»¯ng chia sáº» cá»§a anh ChÃ¡nh. ",0
"SÃ¡ng máº¯t rá»“i tháº§y ! Cáº£m Æ¡n tháº§y, trÆ°á»›c giá» em khÃ´ng cÃ³ tÃ­ kiáº¿n thá»©c nÃ o vá» TÃ i chÃ­nh cÃ¡ nhÃ¢n. Kiáº¿m tiá»n - Tiáº¿t kiá»‡m- Báº£o vá»‡- Äáº§u TÆ°  vÃ  Tá»± do !",0
SÃ¡ch bá»c ráº¥t cáº©n tháº­n vÃ  cháº¯c cháº¯n. Giao hÃ ng Ä‘Ãºng háº¹n. Hy vá»ng sáº½ tiáº¿p thu Ä‘c nhiá»u Ä‘iá»u bá»• Ã­ch mÃ  tÃ¡c giáº£ gá»­i gáº¯m .,0
"SÃ¡ch hay. BÃ¬a sÃ¡ch Ä‘áº¹p. CÃ¡ch trÃ¬n bÃ y ná»™i dung vÃ  hÃ¬nh áº£nh sinh Ä‘á»™ng, Ä‘áº¹p máº¯t, ngÃ´n tá»« dá»… hiá»ƒu, Ä‘áº§y Ä‘á»§ kiáº¿n thá»©c nhÆ° pháº§n giá»›i thiá»‡u sÃ¡ch.",0
SÃ¡ch in Ä‘áº¹p quÃ¡ hay vÃ  phÃ¹ há»£p cho má»i ngÆ°á»i. NÃªn mua nha mn Æ¡i. HÃ¬nh thá»©c Ä‘áº¹p ná»™i dung hay. Tiki giao hÃ ng nhanh sÃ¡ch cháº¥t lÆ°á»£ng.,0
"SÃ¡ch Ä‘á»c dá»… hiá»ƒu, hay, cho gÃ³c nhÃ¬n toÃ n canhe vá» kiáº¿m tiÃªn, tk, báº£o vá»‡, Ä‘áº§u tÆ°. CÃ³ vÃ­ dá»¥ minh hoáº¡ gáº§n gÅ©i csong, ai cÅ©ng nÃªn Ä‘á»c Ä‘á»ƒ báº¯t Ä‘áº§u Ã½ thá»©c vá» tÃ i chÃ­nh cÃ¡ nhÃ¢n. Nháº¥t lÃ  cÃ¡c báº¡n tre dÆ°á»›i 30 tuá»•i, cÃ ng pháº£i Ä‘á»c sá»›m ",0
"SÃ¡ch cháº¥t lÆ°á»£ng, cáº§n nghiá»n ngáº«m 1 thá»i gian Ä‘á»ƒ hiá»ƒu háº¿t giÃ¡ trá»‹ mÃ  tÃ¡c giáº£ nÃ³i Ä‘áº¿n. ÄÃ¢y lÃ  1 cuá»‘n sÃ¡ch tháº­t sá»± phÃ¹ há»£p vá»›i báº£n thÃ¢n mÃ¬nh. Cáº£m Æ¡n tÃ¡c giáº£!",0
"Ä‘áº¹p, hay, nhanh vÃ  chuyÃªn nghiá»‡p, cáº£m Æ¡n.",0
"Cuá»‘n nÃ y ráº¥t ráº¥t okie nhÃ© cáº£ nhÃ  mÃ¬nh:

1. DÃ nh cho cáº£ ná»¯ vÃ  nam.

2. Viáº¿t Ä‘Æ¡n giáº£n.

3. Viáº¿t Ä‘Ãºng trá»ng tÃ¢m.

4. CÃ³ vÃ­ dá»¥, cÃ³ con sá»‘ tÃ­nh toÃ¡n. 

5. Hiá»ƒu báº£n cháº¥t váº¥n Ä‘á» nÃªn tÃ¡c giáº£ trÃ¬nh bÃ y dá»… hiá»ƒu, bÃ  bÃ¡n rau cÅ©ng hiá»ƒu! ÄÃºng style mÃ¬nh khoÃ¡i!

6. RÃµ rÃ ng, máº¡ch láº¡c.

7. CÃ³ tham kháº£o cÃ¡c ""báº­c tháº§y"" nhÆ°ng tÃ¡c giáº£ cÃ³ gÃ³c nhÃ¬n nháº­n riÃªng, cÃ³ chÃ­nh kiáº¿n riÃªng.

8. CÃ³ pháº§n cho Ä‘á»™c giáº£ ghi chÃ©p (cáº£m xÃºc, má»¥c tiÃªu, ghi chÃº. ...)

9. TrÃ¢n trá»ng vai trÃ² cá»§a báº£o hiá»ƒm nhÃ¢n thá».

10. Nhiá»u cÃ¡ch há»¯u dá»¥ng giÃºp tÃ i chÃ­nh cá»§a báº¡n tá»‘t hÆ¡n (cÃ³ nhá»¯ng cÃ¡ch mÃ¬nh thá»±c hiá»‡n cáº£ 10 nÄƒm vá» trÆ°á»›c vÃ  Ä‘áº£m báº£o lÃ  nÃ³ phÃ¡t huy hiá»‡u quáº£, máº·c dÃ¹ cá»±c ká»³ Ä‘Æ¡n giáº£n) ",0
"MÃ¬nh Ä‘Ã£ Ä‘á»c series bÃ i viáº¿t cá»§a tÃ¡c giáº£ trÃªn Cafebiz nhÆ°ng váº«n mua sÃ¡ch Ä‘á»ƒ Ä‘á»c vÃ  lÆ°u giá»¯.

 - Ná»™i dung dá»… hiá»ƒu, dÃ¹ng tá»« Ä‘Æ¡n giáº£n, khÃ´ng quÃ¡ nhiá»u thuáº­t ngá»¯. Tiáº¿p cáº­n váº¥n Ä‘á» tá»« tá»•ng quan Ä‘áº¿n chi tiáº¿t má»™t cÃ¡ch há»£p lÃ½. CÃ¡c vÃ­ dá»¥ xÃ¡c vá»›i thá»±c táº¿ cuá»™c sá»‘ng, dá»… liÃªn tÆ°á»Ÿng.

- HÃ¬nh thá»©c trÃ¬nh bÃ y chá»‰nh chu, dÃ¹ng mÃ u há»£p lÃ½, khoáº£ng cÃ¡ch dÃ²ng Ä‘á»§ rá»™ng, sá»‘ sá»‘ lÆ°á»£ng chá»¯ trong 1 trang khÃ´ng quÃ¡ nhiá»u, Ä‘á»c khÃ´ng Ä‘au máº¯t, khÃ´ng cáº£m giÃ¡c dá»… náº£n. ",0
"Vá»£ chá»“ng tÃ´i muá»‘n Ä‘áº§u tÆ° kinh doanh nhÆ°ng Ä‘áº¯n Ä‘o nhiá»u thá»©. Sau ráº¥t nhiá»u suy nghÄ© thÃ¬ chá»“ng tÃ´i Ä‘áº§u tÆ° vÃ o chá»©ng khoÃ¡n. Theo dÃµi sÃ n chá»©ng khoÃ¡n khÃ¡ lÃ¢u vÃ  cÅ©ng Ä‘á»c qua vÃ i cuá»‘n sÃ¡ch tÃ i chÃ­nh, nhÆ°ng tÃ¢m Ä‘áº¯c nháº¥t lÃ  cuá»‘n sÃ¡ch nÃ y cá»§a anh ChÃ¡nh. ÄÆ¡n giáº£n, máº¡ch láº¡c, rÃµ rÃ ng. TÃ´i Ä‘ang nghiÃªn cá»©u sÃ¢u hÆ¡n pháº§n Ä‘áº§u tÆ° tiá»n ráº¥t há»¯u Ã­ch vá»›i vá»£ chá»“ng tÃ´i ",0
"Cuá»‘n sÃ¡ch cá»§a anh má»Ÿ ra cho tÃ´i quÃ¡ nhiá»u kiáº¿n thá»©c tÃ i chÃ­nh. TÃ´i kinh doanh nhÆ°ng hoÃ n toÃ n cáº£m tÃ­nh vÃ  chÆ°a há» nghÄ© tá»›i viá»‡c sáº¯p xáº¿p káº¿ hoáº¡ch há»£p lÃ½ cho mÃ¬nh. Tá»« viá»‡c Ä‘áº§u tÆ°, dá»± doÃ¡n vÃ  tÃ­nh toÃ¡n rá»§i ro... tÃ´i hoÃ n toÃ n khÃ´ng nghÄ© tá»›i. Tháº­t may máº¯n vÃ¬ cÃ³ nhá»¯ng kiáº¿n thá»©c cá»§a anh mÃ  tÃ´i biáº¿t Ä‘Æ°á»£c nhÆ°á»£c Ä‘iá»ƒm cá»§a báº£n thÃ¢n, rÃºt kinh nghiá»‡m Ä‘á»ƒ háº¡n cháº¿ rá»§i do kinh doanh cá»§a mÃ¬nh ",0
"Ráº¥t ngÆ°á»¡ng má»™ tÃ i chÃ­ cá»§a anh ChÃ¡nh. Xem nhiá»u chÆ°Æ¡ng trÃ¬nh vá» chá»©ng khoÃ¡n, tÃ i chÃ­nh cÃ³ sá»± tham gia cá»§a anh vÃ  tÃ¢m Ä‘áº¯c trÆ°á»›c phong cÃ¡ch sá»‘ng gáº§n gÅ©i, trÃ­ tuá»‡ cá»§a anh. Biáº¿t tin anh ra sÃ¡ch nhÆ°ng Ä‘áº¿n láº§n tÃ¡i báº£n thá»© 2 má»›i Ä‘áº·t mua Ä‘Æ°á»£c. SÃ¡ch cÃ³ 6 pháº§n kiáº¿m tiá»n, tiáº¿t kiá»‡m vÃ  sá»­ dá»¥ng tiá»n, báº£o vá»‡ tiá»n, Ä‘áº§u tÆ° tiá»n, ..... Ä‘á»u ráº¥t há»¯u Ã­ch Ä‘á»‘i vá»›i táº¥t cáº£ má»i ngÆ°á»i. ",0
"SÃ¡ch Ä‘Æ°á»£c Ä‘Ã³ng gÃ³i ráº¥t cáº©n tháº­n, bÃ¬a sÃ¡ch Ä‘áº¹p, hÃ¬nh áº£nh minh há»a sinh Ä‘á»™ng, táº¡o cáº£m giÃ¡c báº¯t máº¯t khiáº¿n viá»‡c Ä‘á»c sÃ¡ch tÃ i chÃ­nh khÃ´ng há» khÃ´ khan nhÆ° má»i ngÆ°á»i nghÄ©. Theo tÃ´i, pháº§n tiáº¿t kiá»‡m tiá»n vÃ  sá»­ dá»¥ng tiá»n cÃ³ tÃ­nh á»©ng dá»¥ng rá»™ng nháº¥t, há»¯u Ã­ch vá»›i táº¥t cáº£ má»i ngÆ°á»i.chá»© khÃ´ng chá»‰ riÃªng ngÆ°á»i lÃ m ngÃ nh tÃ i chÃ­nh ",0
"Sau dá»‹ch Covid,  viá»‡c kinh doanh cá»§a tÃ´i bá»‹ áº£nh hÆ°á»Ÿng nghiÃªm trá»ng. TÃ´i thá»±c sá»± rá»‘i loáº¡n trong viá»‡c phÃ¢n bá»• cÃ¡c nguá»“n tiá»n giá»¯a kinh doanh vÃ  chi tiÃªu gia Ä‘Ã¬nh. Vá»£ chá»“ng nhiá»u khi mÃ¢u thuáº«n vÃ¬ khÃ´ng hiá»ƒu tiá»n tiÃªu vÃ o nhá»¯ng viá»‡c gÃ¬ mÃ  váº«n thiáº¿u há»¥t. ÄÆ°á»£c chá»‹ báº¡n táº·ng cho cuá»‘n sÃ¡ch cá»§a anh ChÃ¡nh, tÃ´i Ä‘Ã£ ngÃ¢m cá»©u ráº¥t ká»¹, má»—i láº§n Ä‘á»c láº¡i cÃ³ thÃªm má»™t gÃ³c nhÃ¬n má»›i vá» nguá»“n tÃ i chÃ­nh lÆ°u Ä‘á»™ng, chia nhá» hay phÃ¢n bá»• Ä‘áº§u tÆ° phÃ¹ há»£p. TÃ´i tháº­n trá»ng Ä‘iá»u chá»‰nh nguá»“n chi tiÃªu vÃ  Ä‘Ã£ cÃ³ nhá»¯ng chuyá»ƒn biáº¿n tÃ­ch cá»±c. Ráº¥t cáº£m Æ¡n anh ChÃ¡nh vÃ  cuá»‘n sÃ¡ch bá»• Ã­ch nÃ y. ",0
"Do dá»‹ch nÃªn giao hÃ ng hÆ¡i váº¥t váº£ nhÆ°ng Ä‘á»•i láº¡i kiáº¿n thá»©c trong sÃ¡ch Ä‘iá»ƒm 10 luÃ´n áº¡. ÄÃ¢y lÃ  cuá»‘n vá»¡ lÃ²ng vá» tÃ i chÃ­nh vÃ  Ä‘áº§u tÆ° cá»±c kÃ¬ dá»… hiá»ƒu vÃ  dá»… follow. NÃ³ giÃºp mÃ¬nh hiá»ƒu cáº·n káº½ nhá»¯ng thá»© trc Ä‘Ã¢y mÃ¬nh chá»‰ nghe nÃ³i Ä‘áº¿n mÃ  k thá»±c sá»± hiá»ƒu, giÃºp mÃ¬nh biáº¿t nhiá»u kiáº¿n thá»©c vá» cÃ¡c máº£ng miáº¿ng trong tÃ i chÃ­nh cÃ¡ nhÃ¢n cÅ©ng nhÆ° giá»›i thiá»‡u cÃ¡c loáº¡i hÃ¬nh Ä‘áº§u tÆ° phá»• biáº¿n má»™t cÃ¡ch cÄƒn báº£n. MÃ¬nh Ä‘Ã£ Ä‘á»c qua cuá»‘n cha giÃ u cha nghÃ¨o vÃ  tiáº¿p Ä‘áº¿n lá»±a chá»n cuá»‘n nÃ y Ä‘á»ƒ Ä‘á»c vÃ  nÃ³ thá»±c sá»± phÃ¹ há»£p. Báº¡n nÃ o Ä‘Ã£ Ä‘á»c cuá»‘n cha giÃ u cha nghÃ¨o thÃ¬ quyá»ƒn Ä‘Ã³ sáº½ lÃ m tÆ° duy tÃ i chÃ­nh cá»§a báº¡n thay Ä‘á»•i, cÃ²n quyá»ƒn nÃ y sáº½ kiá»ƒu thá»±c chiáº¿n hÆ¡n, nghiÃªng vá» hÃ nh Ä‘á»™ng vÃ  bÃ¡c ChÃ¡nh phÃ¢n tÃ­ch trong thá»‹ trÆ°á»ng Viá»‡t Nam nÃªn sáº½ ráº¥t gáº§n gÅ©i vá»›i báº¡n Ä‘á»c! ",0
"Cáº§m cuá»‘n sÃ¡ch trÃªn tay má»›i tháº¥m háº¿t tÃ¢m huyáº¿t cá»§a tÃ¡c giáº£. Tá»« viá»‡c lá»±a chá»n cháº¥t giáº¥y in, trÃ¬nh bÃ y hÃ¬nh thá»©c, ná»™i dung Ä‘á»u ráº¥t sÃ¢u sáº¯c, lÃ  tÃ¢m huyáº¿t Ä‘Ãºc káº¿t cá»§a anh dÃ nh cho """"Ä‘á»©a con tinh tháº§n""""cá»§a mÃ¬nh. CÃ³ má»™t vÃ i lá»—i chÃ­nh táº£ nhá», khÃ´ng Ä‘Ã¡ng ká»ƒ, mong lÃ  láº§n tÃ¡i báº£n thá»© 3 sáº½ loáº¡i bá» Ä‘iá»u nÃ y. Tá»«ng pháº§n káº¿t ná»‘i vá»›i nhau ráº¥t máº¡ch láº¡c, há»£p lÃ½. TÃ´i thÃ­ch nháº¥t pháº§n báº£o vá»‡ tiá»n cá»§a cuá»‘n nÃ y, giÃºp tÃ´i cÃ³ Ä‘á»‹nh hÆ°á»›ng vá» viá»‡c báº£o vá»‡ Ä‘á»“ng tiá»n cá»§a báº£n thÃ¢n ",0
"Má»™t cuá»‘n sÃ¡ch ráº¥t Ä‘Ã¡ng mua, ráº¥t Ä‘Ã¡ng Ä‘á»c, vÃ  pháº£i Ä‘á»c nhiá»u láº§n. Báº¥t ká»³ ai cÃ²n Ä‘ang khÃ´ng biáº¿t cÃ¡ch sá»­ dá»¥ng, tiáº¿t kiá»‡m vÃ  Ä‘áº§u tÆ° tiá»n Ä‘Ãºng cÃ¡ch. Tháº­m chÃ­ Ä‘Æ¡n giáº£n lÃ  ""tiÃªu tiá»n nhÆ° tháº¿ nÃ o cho há»£p lÃ½"" - thÃ¬ ráº¥t nÃªn Ä‘á»c cuá»‘n sÃ¡ch cá»§a anh ChÃ¡nh Ä‘á»ƒ cÃ³ cÃ¡i nhÃ¬n Ä‘Ãºng Ä‘áº¯n, chuáº©n má»±c vá» nguá»“n tÃ i chÃ­nh cá»§a báº£n thÃ¢n. ",0
"SÃ¡ch Ä‘á» cáº­p Ä‘áº¿n háº§u háº¿t cÃ¡c kiáº¿n thá»©c vá» tÃ i chÃ­nh, Ä‘áº§u tÆ° dÃ nh cho cÃ¡ nhÃ¢n. VÃ  sÃ¡ch Ä‘Æ°á»£c viáº¿t vá»›i phong cÃ¡ch, ngÃ´n ngá»¯ â€œbÃ¬nh dÃ¢nâ€ Ä‘á»ƒ háº§u háº¿t ai cÅ©ng cÃ³ thá»ƒ Ä‘á»c vÃ  hiá»ƒu. Äá»c cuá»‘n sÃ¡ch nÃ y xong mÃ¬nh cÃ³ thá»ƒ quáº£n lÃ­ chi tiÃªu má»™t cÃ¡ch phÃ¹ há»£p vÃ  tiáº¿t kiá»‡m hÆ¡n. CÃ³ nhiá»u Ã½ tÆ°á»Ÿng cho nhá»¯ng viá»‡c lÃ m sáº¯p tá»›i, thuáº­n tiá»‡n hÆ¡n trong viá»‡c kinh doanh... Mua cuá»‘n sÃ¡ch nÃ y tháº­t lÃ  bá»• Ã­ch ??? ",0
"MÃ¬nh xuáº¥t thÃ¢n lÃ  1 ngÆ°á»i há»c vá» tÃ i chÃ­nh, nhÆ°ng láº§n Ä‘áº§u tiÃªn mÃ¬nh Ä‘Æ°á»£c Ä‘á»c 1 cuá»‘n sÃ¡ch cÃ³ thá»ƒ nÃ³i Ä‘Æ°á»£c xem lÃ  cuá»‘n sÃ¡ch tÃ i chÃ­nh cÃ¡ nhÃ¢n dÃ nh cho táº¥t cáº£ má»i ngÆ°á»i, chá»© ko chá»‰ dÃ nh riÃªng cho dÃ¢n kinh doanh vá» tÃ i chÃ­nh. NgÃ´n tá»« trong sÃ¡ch ráº¥t gáº§n gÅ©i, dá»… hiá»ƒu, tÃ¡c giáº£ Ä‘Æ°a ra nhá»¯ng tÃ¬nh huá»‘ng ráº¥t thá»±c táº¿ vá»›i Ä‘á»i sá»‘ng. Ká»ƒ cáº£ 1 ngÆ°á»i chÆ°a tá»«ng há»c qua vá» tÃ i chÃ­nh váº«n hiá»ƒu vÃ  Ã¡p dá»¥ng Ä‘Æ°á»£c, ká»ƒ cáº£ báº¡n lÃ  1 ngÆ°á»i cÃ´ng nhÃ¢n, hay 1 ngÆ°á»i lÃ m nÃ´ng sau khi báº¡n Ä‘á»c xong cuá»‘n sÃ¡ch nÃ y báº¡n cÅ©ng sáº½ hiá»ƒu vÃ  Ã¡p dá»¥ng Ä‘Æ°á»£c nÃ³ Ä‘á»ƒ váº­n hÃ nh cÃ´ng viá»‡c kinh doanh cá»§a mÃ¬nh 1 cÃ¡ch hiá»‡u quáº£, biáº¿t cÃ¡ch sá»­ dá»¥ng tiá»n, tiáº¿t kiá»‡m vÃ  báº£o vá»‡ tiá»n tá»‘t nháº¥t. ÄÃ¢y lÃ  1 cuá»‘n sÃ¡ch ráº¥t Ä‘Ã¡ng Ä‘á»ƒ Ä‘á»c. ",0
MÃ¬nh Ä‘Ã£ mua sÃ¡ch vÃ  lÃ m theo hÆ°á»›ng dáº«n á»Ÿ trang cuá»‘i quyá»ƒn sÃ¡ch vÃ  nháº­n Ä‘Æ°á»£c khoÃ¡ há»c online vá» tÃ i chÃ­nh cÃ¡ nhÃ¢n cá»§a tÃ¡c giáº£ LÃ¢m Minh ChÃ¡nh rá»“i Ä‘Ã³. CÃ¡c báº¡n mua sÃ¡ch nhá»› lÃ m theo Ä‘á»ƒ Ä‘Æ°á»£c há»c online miá»…n phÃ­ nha ,0
MÃ¬nh Ä‘ang cáº§n tÃ¬m quyá»ƒn sÃ¡ch kinh táº¿ Ä‘á»ƒ Ä‘á»c chuáº©n bá»‹ má»Ÿ quÃ¡ cÃ  phÃª. ÄÆ°á»£c báº¡n giá»›i thiá»‡u cho quyá»ƒn TÃ i chÃ­nh cÃ¡ nhÃ¢n cho ngÆ°á»i Viá»‡t Nam nÃ y. Äá»c xong tháº¥y yÃªn tÃ¢m hÆ¡n vá» quyáº¿t Ä‘á»‹nh Ä‘áº§u tÆ° cá»§a mÃ¬nh Ã¡,0
Báº¡n mÃ¬nh giá»›i thiá»‡u vÃ i cuá»‘n sÃ¡ch hay trong Ä‘Ã³ cÃ³ cuá»‘n sÃ¡ch tÃ i chÃ­nh cÃ¡ nhÃ¢n cho ngÆ°á»i Viá»‡t Nam nÃªn mÃ¬nh Ä‘áº·t mua. Ná»™i dung sÃ¡t vá»›i ngÆ°á»i Viá»‡t hÆ¡n nhá»¯ng cuá»‘n mÃ¬nh Ä‘Ã£ Ä‘á»c cá»§a cÃ¡c tÃ¡c giáº£i nÆ°á»›c ngoÃ i,0
"sÃ¡ch Ä‘Ã³ng gÃ³i cáº©n tháº­n. cháº¥t liá»‡u giáº¥y in cao cáº¥p
ná»™i dung cÃ²n pháº£i chá» Ä‘á»c Ä‘Ã£",0
"SÃ¡ch hay, cÃ´ Ä‘á»ng nhá»¯ng váº¥n Ä‘á» cáº§n thiáº¿t cho má»™t tÆ°Æ¡ng lai tÃ i chÃ­nh tÆ°Æ¡i sÃ¡ng hÆ¡n: nhá»¯ng máº£ng cÃ´ng viá»‡c cáº§n vÃ  thu nháº­p, tiáº¿t kiá»‡m vÃ  quáº£n lÃ½ chi tiÃªu, tá»«ng giai Ä‘oáº¡n Ä‘á»ƒ hÆ°á»›ng Ä‘áº¿n tá»± do tÃ i chÃ­nh, nhá»¯ng loáº¡i hÃ¬nh Ä‘áº§u tÆ° tÃ i chÃ­nh vÃ  rá»§i ro, cáº£nh bÃ¡o vÃ  khuyáº¿n nghá»‹. ",0
"Náº¿u báº¡n tá»«ng Ä‘á»c qua series Dáº¡y con lÃ m giÃ u, thÃ¬ sáº½ tháº¥y tÃ¡c giáº£ chá»‰ cÃ¡ch Ä‘áº¡t Ä‘Æ°á»£c tá»± do tÃ i chÃ­nh qua nhÃ³m LÃ m chá»§ vÃ  Äáº§u tÆ°. Táº¥t nhiÃªn, náº¿u cÃ³ thá»ƒ thá»±c hiá»‡n theo nhá»¯ng chá»‰ dáº«n Ä‘Ã³ thÃ¬ báº¡n sáº½ Ä‘áº¡t Ä‘Æ°á»£c nhá»¯ng khoáº£n tiá»n to lá»›n. Tuy nhiÃªn, khÃ´ng pháº£i ai cÅ©ng Ä‘á»§ kháº£ nÄƒng lÃ m Ä‘Æ°á»£c. Náº¿u báº¡n thuá»™c nhÃ³m LÃ m cÃ´ng, Tá»± do nhÆ°ng váº«n muá»‘n Ä‘áº¡t Ä‘Æ°á»£c tá»± do tÃ i chÃ­nh, thÃ¬ nÃªn Ä‘á»c cuá»‘n nÃ y. NÃ³ sáº½ giá»›i thiá»‡u nhá»¯ng cÃ¡ch mÃ  báº¡n khÃ´ng cáº§n pháº£i cÃ³ mÃ¡u kinh doanh hay kiáº¿n thá»©c tÃ i chÃ­nh cao siÃªu gÃ¬ Ä‘á»ƒ thá»±c hiá»‡n. Chá»‰ Ä‘Æ¡n lÃ  tiáº¿t kiá»‡m, phÃ¢n bá»• tiá»n há»£p lÃ½, vÃ  Ä‘áº§u tÆ° vÃ o nhá»¯ng thá»© mÃ¬nh dá»… dÃ ng tÃ¬m hiá»ƒu. Báº¡n khÃ´ng thá»ƒ giÃ u báº±ng nhÃ³m LÃ m chá»§ vÃ  Äáº§u tÆ°, nhÆ°ng cÃ³ tháº­t sá»± pháº£i thuá»™c vá» hai nhÃ³m Ä‘Ã³ má»›i lÃ  Äá»¦ hay khÃ´ng? Báº£n thÃ¢n tÃ´i thÃ­ch cÃ¡ch tiáº¿p cáº­n nÃ y, Ä‘Æ¡n giáº£n, Ã­t rá»§i ro vÃ  lÃ¢u dÃ i.

Vá» trÃ¬nh bÃ y, tÃ´i thÃ­ch cháº¥t liá»‡u giáº¥y vÃ  cÃ¡ch Ä‘á»“ há»a trong Ä‘Ã³. VÄƒn phong máº¡ch láº¡c, Ä‘Æ¡n giáº£n vÃ  tháº³ng tháº¯n. ",0
KhÃ´ng cáº§n mua bÃ¡n gÃ¬ cÅ©ng nÃªn Ä‘á»c quyá»ƒn nÃ y nha má»i ngÆ°á»i. Äá»c Ä‘á»ƒ biáº¿t cÃ¡ch sá»­ dá»¥ng tÃºi tiá»n cá»§a mÃ¬nh hiá»‡u quáº£ vÃ  cÃ³ tÃ­ch luá»¹.,0
SÃ¡ch do anh LÃ¢m Minh ChÃ¡nh biÃªn soáº¡n nÃªn Ä‘á»c dá»… hiá»ƒu vÃ  Ã¡p dá»¥ng thá»±c táº¿ hiá»‡u quáº£ vÃ¬ anh áº¥y cÃ³ Ä‘Æ°á»£c nhá»¯ng kinh nghiá»‡m tá»« nhá»¯ng vá»‹ trÃ­ mÃ¬nh Ä‘Ã£ tá»«ng lÃ m.  Mua quyá»ƒn nÃ y Ä‘á»c cÅ©ng hay láº¯m Ä‘Ã³,0
Tiki giao hÃ ng nhanh. Vá» ná»™i dung: do tÃ¡c giáº£ lÃ  ngÆ°á»i viá»‡t nÃªn cÃ¡ch viáº¿t gáº§n gÅ©i dá»… hiá»ƒu. SÃ¡ch dÃ nh cho ngÆ°á»i má»›i báº¯t Ä‘áº§u tÃ¬m hiá»ƒu vá» tÃ i chÃ­nh cÃ¡ nhÃ¢n nÃªn viáº¿t hÆ¡i thiáº¿u chiá»u sÃ¢u. Pháº§n nÃ o cÅ©ng nÃ³i nhÆ°ng cÃ¡i nÃ o nÃ³i cÅ©ng Ã­t sÆ¡ sÆ¡. Nhá»¯ng ngÆ°á»i Ä‘Ã£ tÃ¬m hiá»ƒu vá» tÃ i chÃ­nh cÃ¡ nhÃ¢n rá»“i thÃ¬ khÃ´ng cáº§n Ä‘á»c. SÃ¡ch Ä‘áº¹p nhÆ°ng máº¯c quÃ¡. TÃ¡c giáº£ chá»§ yáº¿u viáº¿t sÆ¡ sÆ¡ Ä‘á»ƒ hÆ°á»›ng ngÆ°á»i Ä‘á»c tham gia khoÃ¡ há»c cá»§a tÃ¡c giáº£ lÃ  chÃ­nh. NÃªn cuá»‘n nÃ y khÃ´ng tháº¥y Ä‘Æ°á»£c sale off bao giá». ChÃºc má»i ngÆ°á»i tÃ¬m Ä‘c cuá»‘n sÃ¡ch phÃ¹ há»£p vÃ  canh Ä‘Æ°á»£c sale tá»‘t ,1
"SÃ¡ch giÃºp ngÆ°á»i Ä‘á»c tiáº¿t kiá»‡m thá»i gian so vá»›i tá»± tÃ¬m hiá»ƒu trÃªn máº¡ng. Tuy nhiÃªn, ná»™i dung khÃ¡ há»i há»£t, mong ráº±ng trong tÆ°Æ¡ng lai tÃ¡c giáº£ sáº½ ra máº¯t nhá»¯ng tÃ¡c pháº©m chuyÃªn biá»‡t cho ngÆ°á»i Viá»‡t vÃ  phÃ¢n tÃ­ch, minh há»a, ká»ƒ chuyá»‡n, hÆ°á»›ng dáº«n rÃµ rÃ ng nhÆ° sÃ¡ch cá»§a David Bach, Vicky Robin, Joe Dominguez ",1
"SÃ¡ch Ä‘áº¹p, dá»… Ä‘á»c vÃ¬ cÃ³ nhiá»u tranh áº£nh, bÃ i toÃ¡n, vÃ­ dá»¥ minh hoáº¡. Giáº¥y tráº¯ng vÃ  bÃ³ng nÃªn lÃºc Ä‘á»c bá»‹ loÃ¡ máº¯t. Ná»™i dung ngáº¯n gá»n, Ä‘á» cáº­p Ä‘áº¿n nhiá»u khÃ­a cáº¡nh. TÃ´i nghÄ© cuá»‘n sÃ¡ch nÃ y phÃ¹ há»£p cho cÃ¡c báº¡n tráº», nhá»¯ng ngÆ°á»i má»›i báº¯t Ä‘áº§u tÃ¬m hiá»ƒu vá» tÃ i chÃ­nh cÃ¡ nhÃ¢n. Xin cáº£m Æ¡n tÃ¡c giáº£ vÃ  Tiki. ",1
"SÃ¡ch hay nÃªn Ä‘á»c, Ä‘iá»ƒm trá»« duy nháº¥t lÃ  cá»¡ chá»¯ hÆ¡i nhá».",1
"Ná»™i dung sÃ¡ch ráº¥t dá»… hiá»ƒu vÃ  giÃºp Ã­ch Ä‘Æ°á»£c cho mÃ¬nh cÃ³ thÃªm kiáº¿n thá»©c cÅ©ng nhÆ° phÆ°Æ¡ng phÃ¡p quáº£n lÃ½ tÃ i chÃ­nh cÃ¡ nhÃ¢n.

Äiá»ƒm chÆ°a hoÃ n háº£o á»Ÿ chá»• khÃ³a há»c online, vá» pháº§n chÆ°Æ¡ng trÃ¬nh tháº§y hay nÃ³i nháº§m cÅ©ng nhÆ° tÃ­nh toÃ¡n nháº§m cÃ´ng thá»©c, cÃ³ láº» lÃ  do chÆ°a chuáº©n bá»‹ giÃ¡o Ã¡n ká»¹. NÃ y tÃ¹y ngÆ°á»i cáº£m nháº­n thÃ´i, táº¡i mÃ¬nh cáº§u thá»‹ sá»± chá»‰nh chu trong cÃ¡c khÃ³a há»c, mÃ¬nh cáº£m tháº¥y nÃ³ xuyÃªn suá»‘t vÃ  liá»n máº¡ch thÃ¬ mÃ¬nh dá»… hiá»ƒu hÆ¡n lÃ  cá»© ngáº¯t quáº£ng vÃ¬ do nháº§m láº«n. ",1
"Äiá»ƒm cá»™ng duy nháº¥t á»Ÿ sáº£n pháº©m nÃ y lÃ  cháº¥t liá»‡u giáº¥y tá»‘t, nhÃ¬n báº¯t máº¯t. Tiki giao hÃ ng siÃªu nhanh. CÃ²n vá» pháº§n ná»™i dung mÃ¬nh tháº¥y chÆ°a á»•n, cÃ³ thá»ƒ hÆ¡i chÃ¡n so vá»›i nhá»¯ng Ä‘áº§u sÃ¡ch nÃ³i vá» tÃ i chÃ­nh, nÃ³i vá» cÃ¡ch lÃ m giÃ u mÃ  mÃ¬nh Ä‘Ã£ Ä‘á»c cá»§a nhá»¯ng tÃ¡c giáº£ khÃ¡c. ",1
"bá»‹ tiki lÃ m phiá»n, hiá»ƒn thá»‹ báº¯t pháº£i Ä‘Ã¡nh giÃ¡ mÃ  ko cho áº©n Ä‘i. nháº¯n cskh nhÆ°ng khÃ´ng ai pháº£n há»“i, vÃ  vÃ o há»— trá»£ khÃ¡ch hÃ ng thÃ¬ bot chat tá»± Ä‘á»™ng tiki care láº§n nÃ o cÅ©ng yÃªu cáº§u nháº­p thÃ´ng tin Ä‘á»‹nh danh, trong khi thÃ´ng tin Ä‘Äƒng nháº­p Ä‘Ã£ cÃ³ trÃªn app ",1
"ÄÆ¡n hÃ ng Tiki now máº·c dÃ¹ cÃ³ phÃ­ nhÆ°ng giao trá»… hÆ¡n dá»± kiáº¿n mÃ  khÃ´ng cÃ³ báº¥t ká»³ lÃ½ do hay thÃ´ng bÃ¡o gÃ¬ cho khÃ¡ch hÃ ng cáº£.
CÃ¡c láº§n trÆ°á»›c thÃ¬ khÃ´ng váº¥n Ä‘á», nhÆ°ng sai sÃ³t láº§n nÃ y gÃ¢y áº£nh hÆ°á»Ÿng Ä‘áº¿n káº¿ hoáº¡ch tá»« trÆ°á»›c cá»§a tÃ´i.
Äá» nghá»‹ bá»™ pháº­n giao hÃ ng Tiki now xem láº¡i cÃ¡ch lÃ m viá»‡c cá»§a mÃ¬nh. ",1
"Tá»‘t nháº¥t khÃ´ng nÃªn mua. LÃ½ do: nhá»¯ng ná»™i dung nÃ y ráº¥t chung chung. TrÃªn máº¡ng cÅ©ng na nÃ¡ giá»‘ng. SÃ¡ch viáº¿t thÃ¬ giÃ£n chá»¯, nhiá»u hÃ¬nh má»¥c Ä‘Ã­ch tÄƒng sá»‘ trang. cÃ²n tÃ¡c giáº£ thÃ¬ báº¡n nÃ o Ä‘á»c nÃªn nghiÃªn cá»©u ká»¹ sáº½ rÃµ. Lá»i khuyÃªn báº£n thÃ¢n khÃ´ng nÃªn mua. ÄÃ¢y lÃ  quan Ä‘iá»ƒm cÃ¡ nhÃ¢n. ",1
"Bá»‘ cá»¥c lá»§ng cá»§ng, ná»™i dung nan man, sÆ¡ sÃ i. Nhiá»u ná»™i dung láº·p Ä‘i láº·p láº¡i, nhiá»u ná»™i dung khÃ´ng cáº§n thiáº¿t. Äáº·c biá»‡t cÃ¡c má»¥c tÃ­nh toÃ¡n dÃ²ng tiá»n theo thá»i gian thÃ¬ nÃ³i má»™t con sá»‘ khi tÃ­nh láº¡i con sá»‘ khÃ¡c ",1
Quyá»ƒn sÃ¡ch tá»‡ nháº¥t tá»« trÆ°á»›c Ä‘áº¿n giá» mÃ¬nh tá»«ng Ä‘á»c. Táº¡i sao láº¡i cÃ³ thá»ƒ trÃ­ch dáº«n 1 quyá»ƒn sÃ¡ch khÃ¡c rá»“i chÃª bai tÃ¡c giáº£ Ä‘Ã³ trong khi chÆ°a cháº¯c cÃ¡ch quáº£n lÃ½ tÃ i chÃ­nh cá»§a mÃ¬nh lÃ  Ä‘Ãºng ?,1
"sÃ¡ch dÃ nh cho ngÆ°á»i chÆ°a biáº¿t nhiá»u vá» tÃ i chÃ­nh, ná»™i dung sÃ¡ch cÆ¡ báº£n bÃ¡m theo lÃ½ thuyáº¿t Kim tá»© Ä‘á»“  trong bá»™ sÃ¡ch Cha giÃ u cha nghÃ¨o lÃ  chá»§ yáº¿u, cÃ¡c ná»™i dung khÃ¡c khÃ´ng quÃ¡ Ä‘áº·c sáº¯c.",1
"SÃ¡ch Viá»‡t nam Ä‘a sá»‘ cÃ¢u giá» - cÃ¢u trang. cÃ³ 1 vÃ i ná»™i dung mÃ  viáº¿t dÃ i lÃª thÃª. CÃ¢u vÃ o khÃ³a há»c. Thá»±c cháº¥t khÃ³a há»c cÅ©ng cÃ¹ng ná»™i dung vá»›i sÃ¡ch, chá»© cháºµng cÃ³ gÃ¬ cáº£.",1
"SÃ¡ch quÃ¡ dá»Ÿ. Vá»›i 1 tÃ¡c giáº£ cÃ³ báº±ng cáº¥p nhÆ° tháº¿ thÃ¬ Ä‘Ã¢y lÃ  1 cuá»‘n sÃ¡ch khÃ´ng xá»©ng táº§m vÃ  non ná»›t. 
GiÃ¡ sÃ¡ch cÅ©ng khÃ´ng tÆ°Æ¡ng Ä‘Æ°Æ¡ng giÃ¡ trá»‹ nÃ³ mang láº¡i. KhÃ´ng nÃªn mua",1
"Ná»™i dung rá»i ráº¡c, lÆ°á»£m láº·t,Æ°á»¡m á», khÃ´ng giáº£i quyáº¿t Ä‘Æ°á»£c váº¥n Ä‘á»",1
"SÃ¡ch khÃ¡ dá»… hiá»ƒu, thá»±c táº¿. Tuy nhiÃªn cÃ²n in sai vÃ i Ä‘iá»ƒm. Mong tÃ¡c giáº£ chá»‰nh sá»­a láº¡i.",1
"MÃ¹i giáº¥y sao áº¥y, khÃ´ng á»•n láº¯m, mÃ¹i sá»£",1
KhÃ´ng cÃ³ gÃ¬ má»›i. PhÃ¹ há»£p vá»›i nhá»¯ng ngÆ°á»i chÆ°a bao giá» Ä‘á»c sÃ¡ch vá» quáº£n lÃ½ chi tiÃªu cÃ¡ nhÃ¢n cá»§a cÃ¡c tÃ¡c giáº£ nÆ°á»›c ngoÃ i,1
SÃ¡ch ná»™i dung ngáº¯n ngá»n. Ná»™i dung cÃ³ sá»­ dá»¥ng hÃ¬nh áº£nh minh há»a sÃ´i Ä‘á»™ng,1
Ráº¥t há»¯u Ã­ch. TÃ¡c giáº£ Ä‘Æ°a ra nhá»¯ng lá»i khuyÃªn vÃ  phÃ¢n tÃ­ch kÄ© nÃªn Ä‘áº§u tÆ° tháº¿ nÃ o,1
"BÃ¬nh thÆ°á»ng â€¦â€¦â€¦â€¦â€¦â€¦..,,,,,",1
"SÃ¡ch bá»‹ thiáº¿u trang lÃ  sao Tiki Æ¡i?????
Tá»« trang 126 nháº£y sang trang 143.",1
"Ä‘á»‘i vá»›i tÃ´i khÃ´ng hay,nhá»¯ng ngÆ°á»i Ä‘á»c cuá»‘n sÃ¡ch nÃ y khÃ´ng biáº¿t cÃ³ Ä‘Æ°á»£c 1% á»©ng dá»¥ng Ä‘Æ°á»£c khÃ´ng ná»¯a.",1
K hay nhÆ° quáº£ng cÃ¡o nha. KhoÃ¡ há»c máº·c dÃ¹ tá»‘n cÃ´ng nhÆ°ng cÃ²n thua xem trÃªn youtube,1
"sÃ¡ch ná»™i dung khÃ´ng cÃ³ gÃ¬ láº¯m, giÃ¡ máº¯c :'(",1
"Ná»™i dung bÃ¬nh thÆ°á»ng, khÃ´ng tÆ°Æ¡ng xá»©ng vá»›i giÃ¡",1
"khÃ´ng hay. ná»™i dung khÃ´ng má»›i, khÃ´ng Ä‘Ã o sÃ¢u",1
dm tiki báº¯t t Ä‘Ã¡nh giÃ¡. cho 1 sao cho tiki,1
"Ko há»¯u Ã­ch, viáº¿t sÆ¡ sÃ i ná»™i dung qua loa",1
"SÃ¡ch nÃ³i Ä‘iá»u ai cÅ©ng bic , mua vá» Ä‘oc thÃ¬ phÃ­ tiá»n",1
SÃ¡ch siÃªu hay tuy nhiÃªn biÃªn táº­p ráº¥t kÃ©m lá»—i chÃ­nh táº£ siÃªu nhiá»u,1
GiÃ¡ Ä‘áº¯t so vá»›i thÃ´ng tin nháº­n Ä‘Æ°á»£c,1
Ná»™i dung bÃ¬nh thÆ°á»ng!,1
Ná»™i dung táº» nháº¡t,1
"Äá»c nhiá»u bÃ¬nh luáº­n tÃ­ch cá»±c nÃªn hÃ´m nay mÃ¬nh quyáº¿t Ä‘á»‹nh mua quyá»ƒn sÃ¡ch nÃ y. áº¤n tÆ°á»£ng ban Ä‘áº§u lÃ  giáº¥y in Ä‘áº¹p, cÃ³ mÃ u, dá»… Ä‘á»c, dá»… hiá»ƒu. Tuy nhiÃªn, cuá»‘n sÃ¡ch hÆ¡i má»ng (235 trang). Ná»™i dung theo mÃ¬nh Ä‘Ã¡nh giÃ¡ thÃ¬ hÆ¡i nghÃ¨o nÃ n vá»›i quÃ¡ chung chung, tháº­m chÃ­ nhiá»u ná»™i dung viáº¿t quÃ¡ lang mang khÃ´ng Ä‘i vÃ o trá»ng tÃ¢m. MÃ¬nh nghÄ© sÃ¡ch nÃ y dÃ nh cho nhá»¯ng báº¡n má»›i báº¯t Ä‘áº§u tÃ¬m hiá»ƒu vá» tÃ i chÃ­nh thÃ¬ cÃ³ thá»ƒ Ä‘á»c vÃ¬ ráº¥t dá»… hiá»ƒu. Tuy nhiÃªn vá»›i giÃ¡ 200k thÃ¬ báº¡n cÃ³ thá»ƒ tham kháº£o nhiá»u tá»±a sÃ¡ch khÃ¡c mÃ  theo mÃ¬nh nghÄ© nÃ³ Ä‘Ã¡ng Ä‘á»“ng tiá»n hÆ¡n nhiá»u. ",2
"Quan Ä‘iá»ƒm chá»§ quan. Ná»™i dung nÃ´ng. Dáº«n dáº¯t, diá»…n giáº£i khÃ´ng Ä‘Ãºng tinh tháº§n Robert Kiyosaki. CÃ³ thá»ƒ cÃ³ Ã­ch vá»›i báº¡n tráº» chÆ°a bao giá» Ä‘c giÃ¡o dá»¥c hoáº·c chÆ°a biáº¿t gÃ¬ vá» trÃ­ tuá»‡ tÃ i chÃ­nh.",2
"shipper cÃ³ váº» nhÆ° Ä‘a Ä‘á»ƒ hÃ ng cá»§a tÃ´i á»Ÿ dÆ°á»›i Ä‘Ã¡y, bá»‹ cÃ¡c hÃ ng khÃ¡c náº·ng Ä‘Ã¨ lÃªn, nÃªn sÃ¡ch cá»§a tÃ´i cáº£m quan khÃ´ng máº¥y hÃ i lÃ²ng, lÃºc nháº­n thÃ¬ há»™p Ä‘Ã³ng gÃ³i cÃ²n bá»‹ mÃ³p Ä‘áº¿n thá»§ng lá»—.

Tuy váº­y ná»™i dung sÃ¡ch trÃ¬nh bÃ y báº¯t máº¯t, phÃ¹ há»£p hÆ¡n cho nhá»¯ng ngÆ°á»i má»›i tÃ¬m hiá»ƒu vá» tÃ i chÃ­nh cÃ¡ nhÃ¢n. ",2
"Äiá»ƒm cá»™ng duy nháº¥t á»Ÿ sáº£n pháº©m nÃ y lÃ  cháº¥t liá»‡u giáº¥y tá»‘t, nhÃ¬n báº¯t máº¯t. Tiki giao hÃ ng siÃªu nhanh. CÃ²n vá» pháº§n ná»™i dung mÃ¬nh tháº¥y chÆ°a á»•n, cÃ³ thá»ƒ hÆ¡i chÃ¡n so vá»›i nhá»¯ng Ä‘áº§u sÃ¡ch nÃ³i vá» tÃ i chÃ­nh, nÃ³i vá» cÃ¡ch lÃ m giÃ u mÃ  mÃ¬nh Ä‘Ã£ Ä‘á»c cá»§a nhá»¯ng tÃ¡c giáº£ khÃ¡c. ",2
"sÃ¡ch dÃ nh cho ngÆ°á»i chÆ°a biáº¿t nhiá»u vá» tÃ i chÃ­nh, ná»™i dung sÃ¡ch cÆ¡ báº£n bÃ¡m theo lÃ½ thuyáº¿t Kim tá»© Ä‘á»“  trong bá»™ sÃ¡ch Cha giÃ u cha nghÃ¨o lÃ  chá»§ yáº¿u, cÃ¡c ná»™i dung khÃ¡c khÃ´ng quÃ¡ Ä‘áº·c sáº¯c.",2
Ná»™i dung mang tÃ­nh sao chÃ©p vÃ  thÃ´ng dá»¥ng trÃªn internet. KhÃ´ng cÃ³ gÃ¬ Ä‘áº·c sáº¯c.,2
"ChÆ°a Ä‘á»c, nhÆ°ng tháº¥y sÃ¡ch Ä‘áº¹p, in mÃ u, giáº¥y tá»‘t. Tiáº¿c lÃ  khÃ´ng cÃ³ bá»c book care nhÆ° lÃºc mua Ä‘Ã£ ghi. Bá»c sÃ¡ch cháº³ng Ä‘Ã¡ng bao nhiÃªu, tÃ­nh tiá»n thÃªm cÅ©ng sáºµn sÃ ng, vÃ¬ ngÆ°á»i yÃªu sÃ¡ch thÃ¬ ráº¥t muá»‘n giá»¯ gÃ¬n sÃ¡ch. ",2
"Má»›i Ä‘á»c dc hÆ¡n 30 trang , cáº£m nháº­n Ä‘áº§u tiÃªn sÃ¡ch trÃ¬nh bÃ y báº¯t máº¯t. Ná»™i dung theo mÃ¬nh thÃ¬ cÃ³ 1 vÃ i Ã½ ko há»£p lÃ½ vá»›i Ä‘a sá»‘ lá»i khuyÃªn cá»§a cÃ¡c NDT giÃ¡ trá»‹ khÃ¡c .",2
"Ná»™i dung sÃ¡ch khÃ¡ cÆ¡ báº£n vá»›i mÃ¬nh, khÃ´ng cung cáº¥p thÃªm Ä‘Æ°á»£c nhiá»u thá»© nhÆ° mÃ¬nh mong Ä‘á»£i. MÃ¬nh Ä‘Ã£ Ä‘á»c xong vÃ  muá»‘n pass láº¡i cho báº¡n nÃ o cáº§n. MÃ¬nh á»Ÿ SG nhÃ©!",2
DÃ nh cho ngÆ°á»i chÆ°a biáº¿t gÃ¬ vá» quáº£n lÃ½ cÃ¡ nhÃ¢n,2
"Ná»™i dung Ä‘Æ¡n giáº£n dá»… hiá»ƒu tuy nhiÃªn kiáº¿n thá»©c khÃ´ng nhiá»u, nhiá»u chá»— láº·p láº¡i",2
"SÃ¡ch Ä‘áº¹p , ná»™i dung khÃ¡ nhiá»u.",2
Ná»™i dung khÃ¡ chÃ¡n . XÃ o Ä‘i xÃ o láº¡i khÃ¡ nhiá»u.,2
Tháº¥y máº¥y Ä‘Ã¡nh giÃ¡ Ä‘áº§u khen hay nhÆ°ng Ä‘á»c bÃ¬nh thÆ°á»ng láº¯m,2
"NÃ³i chung chung quÃ¡, khÃ´ng tháº¥y Ä‘i vÃ o trá»ng tÃ¢m",2
"NÃ³i chung lÃ  bÃ¬nh thÆ°á»ng, Ä‘Æ°á»£c cÃ¡i lÃ  in mÃ u nhiá»u",2
"Äá»c khÃ¡ bá»• Ã­t, ná»™i dung láº·p láº¡i hÆ¡i nhiá»u.",2
Ko hay láº¯m sÃ¡ch sai chÃ­nh táº£ nhiá»u,2
chÆ°a Ä‘á»c chÆ°a biáº¿t noi dung..,2
"Táº¡m, khÃ´ng cÃ³ kiáº¿n thá»©c gÃ¬ má»›i",2
SÃ¡ch nÃ³i chi tiáº¿t vá» dÃ²ng tiá»n,2
"bÃ¬nh thÆ°á»ng, ná»™i dung khÃ´ng cÃ³ gÃ¬ má»›i",2
"Nhiá»u thuáº­t ngá»¯, cÃ´ng thá»©c tÃ i chÃ­nh ko hiá»ƒu ngay tá»« chÆ°Æ¡ng Ä‘áº§u.",2
Ná»™i dung cÅ©ng táº¡m,2
Giao hÃ ng lÃ¢u,2
:),2
"ÄÃ³ng gÃ³i tá»‘t, hÃ ng Ä‘áº§y Ä‘á»§ linh phá»¥ kiá»‡n. Tai nghe hÆ¡i hÆ°á»›ng thiÃªn vá» bass. Pin tÆ°Æ¡ng Ä‘á»‘i lÃ¢u. NhÆ°á»£c Ä‘iá»ƒm lÃ  Ä‘eo lÃ¢u hÆ¡i háº§m vÃ  Ä‘au tai. Vá»›i táº§m giÃ¡ dÆ°á»›i 700k thÃ¬ tÆ°Æ¡ng Ä‘á»‘i hÃ i lÃ²ng.",0
ÄÃ³ng gÃ³i sáº£n pháº©m tá»‘t cÃ³ chÃºt mÃ©o há»™p nhÆ°ng khÃ´ng sao. HÃ ng giao khÃ¡ nhanh. Tai nghe Ã´m sÃ¡t Ä‘áº§u cÅ©ng nhÆ° Ã´m háº¿t tai. Vá»›i mÃ¬nh thÃ¬ Ã¢m thanh khÃ¡ á»•n cÃ³ váº» nghiÃªng vá» bass nhiá»u 1 chÃºt. Bluetooh á»•n Ä‘á»‹nh vÃ  khoáº£ng cÃ¡ch khÃ¡ tá»‘t. MÃ¬nh mua Ä‘c Ä‘Ãºng sale ná»¯a nÃªn ráº¥t Æ°ng. NÃ³i chung 5 sao vá» cháº¥t lÆ°á»£ng. MÃ¬nh chÆ°a xÃ i nhiá»u nÃªn chÆ°a biáº¿t pin nhÆ° nÃ o nÃªn chÆ°a Ä‘Ã¡nh giÃ¡ vá» pin. Tai nghe khÃ¡ cháº¯c cháº¯n ná»¯a khÃ´ng cÃ³ cáº£m giÃ¡c lá»ng láº»o. Phá»¥ kiá»‡n Ä‘i kÃ¨m Ä‘áº§y Ä‘á»§ ná»¯a nha. ,0
"Máº¥y nÃºt trÃªn tai nghe hÆ¡i lá»ng nhÆ°ng mÃ  cháº¥t lÆ°á»£ng Ã¢m thanh tá»‘t, pin nghe 2 tiáº¿ng váº«n chÆ°a tháº¥y tá»¥t vá»›i cáº£ Ä‘eo khÃ¡ thoáº£i mÃ¡i, nhá»¯ng ai Ä‘eo kÃ­nh nhÆ° mÃ¬nh thÃ¬ lÃºc Ä‘áº§u Ä‘eo sáº½ tháº¥y hÆ¡i khÃ³ chá»‹u nhÆ°ng quen rá»“i thÃ¬ okla nha ",0
"Tai nghe rÃµ, sÃ¡ng, hay, Ä‘eo thoáº£i mÃ¡i, ko Ä‘au tai. MÃ¬nh Ä‘Ã£ dÃ¹ng 1 cÃ¡i trÆ°á»›c Ä‘áº¥y rá»“i, khÃ¡ bá»n. Thá»i lÆ°á»£ng dÃ¹ng bluetooth má»—i láº§n sáº¡c Ä‘áº§y khoáº£ng 12-18 tiáº¿ng nghe nháº¡c. Má»—i tá»™i Ä‘eo lÃ¢u hÆ¡i nÃ³ng tai",0
"MÃ¬nh dÃ¹ng Ä‘Æ°á»£c gáº§n 2 nÄƒm, cÅ©ng ko dÃ¹ng thÆ°á»ng xuyÃªn. Tháº¥y Ã¢m thanh á»•n, Ãªm tai. Chá»‰ lÃ  khi Ä‘eo tai nghe mÃ  chá»‰nh Ã¢m lÆ°á»£ng trÃªn tai nghe thÃ¬ tháº¥y hÆ¡i khÃ³ chá»‹u do tiáº¿ng nÃºt bá»‹ to. Khi káº¿t ná»‘i bluetooth tháº¥y vÃ o máº¡ng bá»‹ cháº­m hÆ¡n. ",0
"Tai nghe cÃ³ cháº¥t lÆ°á»£ng Ã¢m thanh tá»‘t, khÃ´ng bá»‹ rÃ¨ khi nghe to. Äá»‡m tai nghe Ãªm, Ä‘eo lÃ¢u khÃ´ng gÃ¢y Ä‘au má»i. Bluetooth hoáº¡t Ä‘á»™ng tá»‘t. Xá»©ng Ä‘Ã¡ng vá»›i giÃ¡ thÃ nh sáº£n pháº©m.",0
"Sáº£n pháº©m tuyá»‡t vá»i, giao nhanh chÆ°a Ä‘áº§y 24h khÃ¡ lÃ  Æ°ng Ã½, nÃ³i chung mÃ¬nh nghÄ© má»i ngÆ°á»i nÃªn mua lÃºc canh sale nÃ³ ráº» hÆ¡n nhiá»u áº¥y nha, Æ°ng Ã½ láº¯m luÃ´n áº¥y",0
"Ã‚m thanh rÃµ, Ã¢m bass ráº¥t hay nghe máº¥y bÃ i bolero thÃ¬ tá»›i nÃ³c, Ä‘eo vÃ o khÃ¡ cháº¯c cháº¯n. MÃ  tai mÃ¬nh to nÃªn Ä‘eo lÃ¢u thÃ¬ pháº£i thÃ¡o ra chá»© nÃ³ cáº¥n thÃ¬ hÆ¡i Ä‘au tai",0
"Sáº£n pháº©m nhá» gá»n, pháº§n nhá»±a ná»‘i chÆ°a cá»©ng cÃ¡p, nÃªn nháº¹ tay khi dÃ¹ng, Ä‘Ã¨n bÃ¡o bá»‹ lá»‡ch khá»i lá»—, pháº§n chá»¥p Ä‘eo Ã´m tai vÃ  Ãªm, Ã¢m thanh hay",0
"sau khoáº£ng 2 thÃ¡ng sá»­ dá»¥ng thÃ¬ mÃ¬nh khÃ´ng thá»ƒ dÃ¹ng thÃªm Ä‘Æ°á»£c ná»¯a. 1 thÃ¡ng Ä‘áº§u thÃ¬ tai nghe á»•n, sau Ä‘Ã³ báº¯t Ä‘áº§u cÃ³ nhá»¯ng Ã¢m thanh rÃ¨ gÃ¢y áº£nh hÆ°á»Ÿng Ä‘áº¿n viá»‡c há»c zoom vÃ  dáº§n thÃ¬ k thá»ƒ nghe hay nÃ³i Ä‘Æ°á»£c ná»¯a. cÃ¡c báº¡n nÃªn cÃ¢n nháº¯c. ",0
"hÃ ng tá»‘t cháº¥t lÆ°á»£ng trong táº§m giÃ¡, nhÆ°ng cÃ³ Ä‘iá»u bá»‹ tráº§y bÃªn tai pháº£i chá»— chá»¯ ""R"", náº¿u Ä‘á»•i Ä‘c thÃ¬ tá»‘t, cáº£m Æ¡n shop, giao hÃ ng nhanh láº¯m mÃ¬nh thÃ­ch cÃ¡ch lÃ m viá»‡c cá»§a shop",0
"Ngon trong táº§m giÃ¡, tai Ä‘eo nháº¹ thoáº£i mÃ¡i. Há»£p lÃ½",0
"Ã‚m thanh káº¿t ná»‘i Ä‘Ã´i lÃºc bá»‹ ngáº¯t quÃ£ng, báº­p bÃ¹ng nhÆ°ng mÃ¬nh Ä‘ung chá»§ yáº¿u cáº¯m dÃ¢y vá»›i laptop nÃªn cháº¥p nháº­n Ä‘Æ°á»£c",0
"iCybernet ráº¥t uy tÃ­n vÃ  hoÃ n toÃ n Ä‘Ã¡ng tin cáº­y!

Sau khi pháº£n há»“i vá» sáº£n pháº©m bá»‹ lá»—i! Nháº­n Ä‘Æ°á»£c hÃ ng láº¡i chá»‰ trong vÃ²ng 5 ngÃ y! 

ChÃºc Shop thÃ nh cÃ´ng vÃ  phÃ¡t triá»ƒn!",0
"Ã‚m thanh rÃµ, chá»‘ng á»“n tá»‘t. NÃªn Ä‘á»ƒ Ã¢m lÆ°á»£ng 50% náº¿u khÃ´ng muá»‘n á»Ÿ ngoÃ i nghe Ä‘Æ°á»£c mÃ¬nh nghe gÃ¬",0
"QuÃ¡ tuyá»‡t vá»i trong táº§m giÃ¡, shipper ráº¥t nhiá»‡t tÃ¬nh, sáº£n pháº©m giá»‘ng mÃ´ táº£, Ã¢m thanh á»•n trong táº§m giÃ¡,káº¿t ná»‘i á»•n Ä‘á»‹nh Ä‘Ã¡ng mua.",0
Vá»«a nháº­n sáº£n pháº©m chÆ°a tráº£i nghiá»‡m nhiá»u nhÆ°ng váº«n cho 5 sao bá»Ÿi vÃ¬ thiáº¿t káº¿ vÃ  cháº¥t Ã¢m láº«n cáº£ pháº§n Ä‘Ã³ng gÃ³i váº­n chuyá»ƒn cá»§a tiki quÃ¡ tá»‘t.,0
"Ã‚m thanh ráº¥t tá»‘t, chá»‘ng á»“n hiá»‡u quáº£..mic hÆ¡i kÃ©m chÃºt thÃ´i, nhÆ°ng ok trong táº§m giÃ¡",0
"Giao nhanh, Ä‘Ã³ng gÃ³i siÃªu Ä‘áº¹p, há»™p sáº£n pháº©m cÃ³ bá»c, tem Ä‘áº§y Ä‘á»§, Æ°ng Ã½ so vá»›i giÃ¡ tiá»n.",0
"Sáº£n pháº©m chÃ­nh hÃ£ng, giao hÃ ng nhanh.
Cháº¥t lÆ°á»£ng Ã¢m thanh phÃ¹ há»£p vá»›i giÃ¡ tiá»n",0
Giao siÃªu tá»‘c. DÃ¹ng táº¡m á»•n so vá»›i giÃ¡.,0
Sp khÃ¡ cháº¯c cháº¯n pin tá»‘t Ã¢m thanh dá»… chá»‹u bass ngon dÃ nh cho ai thÃ­ch nghe house lak,0
"CÃ¡ch Ã¢m tá»‘t, pin dÃ¹ng Ä‘Æ°á»£c lÃ¢u tiá»‡n lá»£i mang Ä‘i láº¡i",0
Tai nghe Ä‘áº¹p cháº¥t lÆ°á»£ng khÃ¡ tá»‘t nghe cÅ©ng hay khÃ´ng to láº¯m hay lÃ  vÃ¬ tai mÃ¬nh Ä‘iáº¿c thÃ¬ khÃ´ng biáº¿t ná»¯a cÃ²n má»i thá»© Ä‘á»u á»•n ğŸ˜ƒ,0
"DÃ¹ng dÃ¢y thÃ¬ ok, kg dÃ¢y hay dÃ¨ tiáº¿ng, cÃ¡c nÃºt nháº¥n kÃ©m láº¯m, giÃ¡ nÃ y dÃ¹ng táº¡m thÃ´i",0
"Tai nghe Ä‘áº¹p, nghe hay trong táº§m giÃ¡, cáº£m Æ¡n shop",0
dÃ¹ng tá»‘t nhaa Ä‘Ã´i lÃºc tai nghe cÃ³ máº¥y tiáº¿ng rÃ¨ rÃ¨ nhg váº«n dÃ¹ng Ä‘Æ°á»£c,0
Cháº¥t lÆ°á»£ng Ã¢m thanh tá»‘t trong táº§m giÃ¡. Váº­n chuyá»ƒn Ä‘Ã³ng gÃ³i ká»¹ cÃ ng.,0
"Ã‚m thanh: Bass á»•n, treble hay
Nhá»±a: KhÃ¡ lÃ¡n, nhÆ°ng hÆ¡i má»m yáº¿u
Tá»•ng: 7/10 cho ai muá»‘n tráº£i nghiá»‡m.",0
"SP vÃ´ cÃ¹ng tá»‡, tai nghe bluetooth mÃ  káº¿t ná»‘i cá»±c ká»³ kÃ©m.",0
Tai nghe Ãªm khÃ´ng bá»‹ Ä‘au tai. Ã‚m thanh nghe khÃ¡ á»•n. Giao hÃ ng nhanh (sau 1 ngÃ y Ä‘Ã£ ship Ä‘áº¿n nÆ¡i).,0
"Ã‚m thanh tá»‘t, ráº¥t tiá»‡n cho cáº£ cÃ´ng viá»‡c khi pháº£i dá»‹ch chuyá»ƒn bÃªn ngoÃ i mÃ  ko cáº§n cáº¯m dÃ¢y.",0
Táº¡i nghe á»•n,0
"Tai nghe dÃ¹ng ráº¥t ok, bass nghe cá»±c phÃª, ráº¥t Æ°ng sp nÃ y",0
SP cháº¯c cháº¯n. nhÆ°ng káº¿t ná»‘i bluetooth ko Ä‘Æ°á»£c,0
"Cháº¥t Ã¢m tá»‘t, Ä‘Ã¡ng vá»›i giÃ¡ tiá»n, Ä‘Ã³ng gÃ³i an toÃ n ráº¥t hÃ i lÃ²ng",0
"Äeo á»•n, Ä‘Ãºng táº§m giÃ¡. CÃ³ Ä‘iá»u hÆ¡i to vÃ  Ä‘eo hÆ¡i nÃ³ng tai chÃºt.",0
"Ã‚m thanh oke
Pin khÃ¡ trÃ¢u
VÃ¬ tai nghe chá»¥p tai nÃªn Ä‘eo lÃ¢u hÆ¡i Ä‘au tai chÃºt",0
"Sáº£n pháº©m thá»±c táº¿ nhÃ¬n Ä‘áº¹p nhÆ° hÃ¬nh quáº£ng cÃ¡o, Ã¢m thanh tá»‘t. Cáº£m giÃ¡c hÃ i lÃ²ng hÆ¡n cáº£ nhá»¯ng sáº£n pháº©m tai nghe cÃ³ giÃ¡ Ä‘áº¯t gáº¥p 4-5 láº§n.",0
"Giao hÃ ng nhanh, sáº£n pháº©m cháº¥t lÆ°á»£ng",0
"tai nghe hÆ¡i to, Ä‘eo cÃ³ thá»ƒ bá»‹ Ä‘au tai náº¿u ko quen",0
"nghe ráº¥t hay. nhÆ°ng Ä‘eo khÃ´ng há»£p máº·t bÃªn muá»‘n thanh lÃ½, ai cÃ³ nhu cáº§u liÃªn há»‡ *** mÃ¬nh Ä‘á»ƒ láº¡i giÃ¡ 550.000 nha",0
PhÃ¹ há»£p vá»›i giÃ¡ tiá»n. Ko cáº§u kÃ¬ láº¯m thÃ¬ nÃªn mua nha cÃ¡c báº¡n,0
"- Thiáº¿t káº¿ Ä‘áº¹p, Ä‘Æ¡n giáº£n nhÆ°ng khÃ¡ báº¯t máº¯t
- Thiáº¿t bá»‹ khÃ´ng cÃ³ chá»‘ng á»“n nha
- Káº¿t ná»‘i bluetooth Ä‘Ã´i khi hay cháº­p chá»n, cÅ©ng may lÃ  cÃ³ cá»•ng aux bÃ¹ láº¡i
- Thá»i lÆ°á»£ng pin máº¡nh
- Ã‚m bass cháº¥t lÆ°á»£ng, thÃ­ch há»£p cho dÃ²ng remix nghe ráº¥t Ä‘Ã£ tai
- NÃºt báº¥m tÄƒng giáº£m Ã¢m lÆ°á»£ng vÃ  nguá»“n báº±ng cÆ¡, cÃ³ váº» lá»ng láº»o
- GiÃ¡ cáº£ ráº¥t ok Ä‘á»‘i vá»›i dÃ²ng sáº£n pháº©m trong táº§m giÃ¡ ",1
"Giao hÃ ng nhanh, Ä‘Ã³ng gÃ³i ká»¹. Ã‚m thanh nghe ráº¥t Ä‘Ã£, chá»‰ cÃ³ Ä‘iá»u hay bá»‹ giáº­t giáº­t 1 tÃ½. mic thÃ¬ chÆ°a thá»­ nÃªn chÆ°a bik ra s. NhÆ°ng Ä‘á»‘i vá»›i táº§m giÃ¡ nÃ y thÃ¬ khÃ¡ vá»«a lÃ²ng, miáº¿ng Ä‘á»‡m Ä‘eo Ãªm tai.",1
"nghe ráº¥t Ãªm tai, alo ráº¥t tá»‘t, Bluetooth báº¯t sÃ³ng kÃ©m.",1
Má»›i dÃ¹ng Ä‘Æ°á»£c 1 ngÃ y vÃ  tháº¥y Ã¢m thanh á»•n. MÃºt khÃ¡ Ãªm. Tuy nhiÃªn tai nghe hÆ¡i nháº¹ vÃ  nhá»±a cÃ³ váº» khÃ´ng cá»©ng cÃ¡p láº¯m nÃªn cÃ³ thá»ƒ sáº½ khÃ´ng bá»n lÃ¢u. Khi gá»i qua bluetooth thÃ¬ mic tÃ­ch há»£p trÃªn loa hÆ¡i rÃ¨ vÃ  báº¯t Ã¢m ko tá»‘t láº¯m. NhÃ¬n chung thÃ¬ á»•n so vá»›i giÃ¡ tiá»n ,1
"Æ¯u Ä‘iá»ƒm: Thiáº¿t káº¿ ok, phÃ¹ há»£p vá»›i nam. PIN trÃ¢u (lÃºc má»›i vá» chÆ°a full 100% mÃ  dÃ¹ng 3 ngÃ y má»›i háº¿t pin). CÃ¡ch Ã¢m khÃ¡. 
Váº¥n Ä‘á»: 
-Tai khi vá»«a Ä‘eo hÆ¡i Ã´m, gÃ¢y Ä‘au, Ä‘eo táº§m má»™t buá»•i quen thÃ¬ háº¿t. 
-Äá»ƒ káº¿t ná»‘i vá»›i Ä‘iá»‡n thoáº¡i thÃ¬ Ok, nghe vá»›i laptop thÃ¬ giáº­t liÃªn tá»¥c (ko bik do xung Ä‘á»™t vá»›i bluetooth chuá»™t hay do máº¡ng yáº¿u) 
-Vá» Ã¢m thanh thÃ¬ bÃ¬nh thÆ°á»ng, khÃ´ng cÃ³ gÃ¬ ná»•i trá»™i cáº£. Láº§n Ä‘áº§u mÃ¬nh mua vÃ  tháº¥y tai nÃ y cÅ©ng ráº» nÃªn nghÄ© cháº¯c dÃ²ng Bluetooth thÃ¬ táº§m giÃ¡ nÃ y khÃ³ cÃ³ Ã¢m thanh tá»‘t. ",1
"Mua Ä‘Æ°á»£c.máº¥y ngÃ y mÃ  sá»­ dá»¥ng káº¿t nÃ´i Bluetooth mÃ  sao nghÃ© cháº­p chá»n, rÃ¨ rÃ¨",1
"tai nghe nghe á»•n, mÃ  sao ko tháº¥y cÃ³ mic lÃ  sao, cuá»™c goii tá»›i pháº£i báº­t loa ngoÃ i nghe ???",1
CÃ¡c nÃºt tÄƒng giáº£m Ã¢m lÆ°Æ¡ng & káº¿t ná»‘i thiáº¿t bá»‹ khÃ´ng dÃ¹ng Ä‘Æ°á»£c,1
Nghe Ä‘Æ°á»£c 1 bÃªn tai thui chÃ¡n,1
"sáº£n pháº©m kÃ©m, Ã¢m thanh ngáº¯t quÃ£ng",1
tai nghe rÃ¨ quÃ¡ ko nghe Ãªm Ä‘c,1
bá» ngoÃ i nhÃ¬n ráº¥t xá»‹n. hÃ ng giao nhanh Ä‘Ã³. nhÆ°ng k hiá»ƒu cÃ³ pháº£i cÃ¡i tai cá»§a mÃ¬nh gáº·p váº¥n Ä‘á» gÃ¬ k. Ã¢m thanh hay bá»‹ kiá»ƒu nhÆ° xÆ°á»›c Ä‘Ä©a ^^ theo tá» hÆ°á»›ng dáº«n nÃ³i náº¿u xáº£y ra thÃ¬ kiá»ƒm tra pháº¡m vi vÃ  váº­t cáº£n nhÆ°ng mÃ¬nh ngá»“i ngay bÃªn cÃ¡i laptop. káº¿t ná»‘i thÃ¬ pin bÃ¡o 100% chá»© cÅ©ng k pháº£i háº¿t pin ,2
HÃ¬nh thá»©c Ä‘áº¹p. K gáº­p láº¡i Ä‘c nÃªn hÆ¡i báº¥t tiá»‡n. Cháº¥t lÆ°á»£ng pháº£i thá»­ vÃ i ngÃ y má»›i biáº¿t Ä‘Æ°á»£c.,2
"Sáº£n pháº©m Ä‘áº¹p, giao hÃ ng nhanh nhÆ°ng lÃºc nghe thÃ¬ bá»‹ giáº­t giáº­t Ã¢m thanh nhiá»u láº§n. LÃºc Ä‘áº§u nghÄ© do mÃ¡y nhÆ°ng test láº¡i mÃ¡y khÃ¡c thÃ¬ váº«n bá»‹ giáº­t. CÃ³ váº» sáº£n pháº©m bá»‹ lá»—i káº¿t ná»‘i.",2
"Sá»­ dá»¥ng táº¡m Ä‘Æ°á»£c, Ã¢m khÃ´ng quÃ¡ ná»•i báº­t. Pin khÃ´ng Ä‘Æ°á»£c lÃ¢u cho láº¯m, mÃ¬nh dÃ¹ng khoáº£ng 2 ngÃ y lÃ  láº¡i pháº£i sáº¡c láº¡i. Káº¿t ná»‘i bluetooth cÅ©ng khÃ´ng quÃ¡ tá»‘t.",2
"tai nghe hÆ¡i rÃ¨ , báº¯t blutooth hÆ¡i kÃ©m , nhÆ°ng cÅ©ng táº¡m nghe Ä‘c. Vá»›i giÃ¡n nÃ y thÃ¬ cÅ©ng khÃ´ng Ä‘Ã²i há»i gÃ¬ hÆ¡n",2
Ã‚m thanh k hay láº¯m nhÆ°ng nÃ³i chung trong táº§m giÃ¡ thÃ¬ táº¡m Ä‘c,2
tai nghe cá»©ng Ã´m tai ráº¥t cháº·t gÃ¢y khÃ³ chá»‹u,2
tai nghe á»•n giÃ¡ cáº£ há»£ lÃ½ má»—i tá»™i tay nghe lÃ¢u lÃ¢u bá»‹ máº¥t sÃ³ng bluetooth lÃºc nghe dc lÃºc ko,2
"TÃ´i mua hÃ ng cÃ³ yÃªu cáº§u xuáº¥t hÃ³a Ä‘Æ¡n VAT, cháº³ng láº§n nÃ o tháº¥y xuáº¥t HÃ³a Ä‘Æ¡n cáº£",2
"loa nghe k hay láº¯m , dÃ¹ng á»•n , há»£p vs chÆ¡i game , nghe nháº¡c k nÃªn mua",2
"BÃ¬nh thÆ°á»ng, táº¡m á»•n trong táº§m giÃ¡",2
nghe lÃ¢u thÃ¬ hÆ¡i Ä‘au tai vÃ  nÃ³ng,2
"Pin trÃ¢u nhÆ°ng nghe ko hay,",2
"Báº¿p dÃ¹ng ráº¥t thÃ­ch, ráº¥t tiá»‡n lá»£i. Náº¥u Ä‘á»“ Äƒn sÃ´i nhanh, háº§m cá»§ quáº£ cÅ©ng mau nhá»«. Máº·t kÃ­nh nÃªn dá»… lau chÃ¹i, báº¿p cÅ©ng dá»… sá»­ dá»¥ng. 
Tiki giao hÃ ng nhanh láº¯m, cÃ¡c anh giao hÃ ng vÃ  há»— trá»£ láº¯p Ä‘áº·t ráº¥t nhiá»‡t tÃ¬nh. ÄÃ³ng gÃ³i sáº£n pháº©m cáº©n tháº­n. ",0
"Tá»‘t, Ä‘Ã³ng gÃ³i cáº©n tháº­n. TrÆ°á»›c mÃ¬nh mua bÃªp nÃ y nÃ y rá»“i mong lÃ  báº¿p láº§n nÃ y mua dÃ¹ng bá»n :))",0
"Báº¿p dá»… dÃ¹ng, báº¯t ná»“i niÃªu xong cháº£o nháº¡y. Doule bÃªn cá»±c Æ°ng luÃ´n giÃºp lÃ m báº¿p nhanh hÆ¡n. Má»—i tá»™i ko cÃ³ táº¯t tá»«ng bÃªn báº¿p nÃªn pháº£i táº¯t báº­t nhiá»u. NhÆ°ng nÃ³i chung m váº«n Æ°ng nÃªn mua thÃªm chiáº¿c ná»¯a biáº¿u bá»‘ máº¹ hihi ",0
"HÃ ng giao uy tÃ­n, Ä‘Ã³ng gÃ³i cáº©n tháº­n, máº«u cÅ©ng ráº¥t Ä‘áº¹p. Cháº¥t lÆ°á»£ng ráº¥t tá»‘t
, sá»­ dá»¥ng bá»n hay khÃ´ng thÃ¬ khi xÃ i lÃ¢u má»›i biáº¿t. Láº§n sau sáº½ á»§ng há»™ shop tiáº¿p nhÃ©. Táº·ng 5 sao shops nhÃ©.",0
"Sáº£n pháº©m tá»‘t, giÃ¡ Ãªm , cÃ²n Ä‘á»™ bÃªn chá» dÃ¹ng nÆ°a má»›i biÃªt",0
Tui Æ°ng store nÃ y ghÃª Ã¡! Tá»« máº«u mÃ£ Ä‘áº¿n cháº¥t lÆ°á»£ng sáº£n pháº©m tá»‘t láº¯m Ã­! DÃ¹ mua online nhÆ°ng bao bÃ¬ kÃ¨m theo siÃªu kÄ© siÃªu Ä‘áº¹p vÃ  ráº¥t cháº¯c cháº¯n! MÃ¬nh sáº½ lÃ  khÃ¡ch hÃ ng trung thÃ nh cá»§a shop nÃ¨ hehe,0
"Giao hÃ ng nhanh. Cháº¥t lÆ°á»£ng sáº£n pháº©m tá»‘t phÃ¹ há»£p vá»›i giÃ¡ tiá»n. Máº«u mÃ£ Ä‘áº¹p. HÃ¬nh chÆ°a ká»‹p chá»¥p nÃªn up táº¡m, chá»‰ mang tÃ­nh cháº¥t gá»­i Ä‘á»ƒ Ä‘Ã¡nh giÃ¡.",0
MÃ¬nh chá»n nháº§m sáº£n pháº©m..cÃ³ cÃ¡ch nÃ o há»— trá»£ mÃ¬nh mua láº¡i Ä‘Ãºng sáº£n pháº©m mÃ¬nh muá»‘n mua trÃ  tráº£ láº¡i sáº£n pháº©m nÃ y khÃ´ng shop Æ¡i..! mÃ¬nh muá»‘n mua báº¿p 1 tá»« 1 há»“ng ngoáº¡i hoáº·c báº¿p 3 ( 2 tá»« 1 há»“ng ngoáº¡i),0
sáº£n pháº©m Ä‘Ã³ng gÃ³i cáº©n tháº­n.má»›i dÃ¹ng thÃ¬ OK láº¯m nhÆ°ng sau nÃ y thÃ¬ chÆ°a biáº¿t.mÃ  shop cho e há»i.báº¿p dÃ¹ng cÃ³ tá»‘n nhiá»u tiá»n Ä‘iá»‡n khÃ´ng váº­y,0
"tiki giao hÃ ng nhanh, chÆ°a dÃ¹ng nÃªn ko biáº¿t cÃ³ bá»n ko, má»›i thá»­ táº¯t 1 lÃºc quáº¡t má»›i táº¯t, hay pháº£i bá» xoong ra quáº¡t má»›i táº¯t.",0
DÃ¹ng á»•n,0
"Sáº£n pháº©m cháº¥t lÆ°á»£ng ok, kiá»ƒu dÃ¡ng sang trá»ng, phÃ¹ há»£p giÃ¡ tiá»n, shop phá»¥c vá»¥ tá»‘t, giao nhanh. Cáº£m Æ¡n...",0
"Ngon nhÆ°ng máº¯c hÆ¡n 3 nÄƒm trÆ°á»›c mua bÃªn Ä‘iá»‡n mÃ¡y, mÃ  nhÃ¬n chung giÃ¡ tiki Ä‘ang tá»‘t nháº¥t. Táº¡i mÃ¬nh lÃ m bá»ƒ báº¿p cÅ© nÃªn pháº£i mua má»›i chá»© xÃ i cÃ¡i cÅ© 3 nÄƒm tháº¥y ngon lÃ nh",0
giao hÃ ng nhanh Ä‘Ã³ng gÃ³i cáº©n tháº­n sáº£n pháº©m ráº¥t tá»‘t,0
"GiÃ¡ tá»‘t, giao hÃ ng nhanh, hÃ ng Ä‘áº¹p, sá»­ dá»¥ng thuáº­n tiá»‡n",0
"Báº¿p giÃ¡ tá»‘t, máº«u Ä‘áº¹p, chÆ°a biáº¿t bá»n ko nhÆ°ng hiá»‡n táº¡i ok.
CÃ¡m Æ¡n shop",0
Sáº£n pháº©m chinh hÃ£ng cháº¥t lÆ°á»£ng á»•n,0
"SP dÃ¹ng Ä‘Æ°á»£c trong táº§m giÃ¡, giao hÃ ng nhanh, Ä‘á»§ chá»©ng tá»« Ä‘Æ¡n hÃ ng, Ä‘Ã³ng gÃ³i ká»¹ lÆ°á»¡ng. Quáº¡t táº£n nhiá»‡t hÆ¡i á»“n. PhÃ­m báº¥m nháº¡y.",0
Sáº£n pháº©m Ä‘áº¹p giao hÃ ng nhanh,0
"Báº¿p Ä‘áº¹p, giao nhanhâ€¦ dÃ¹ng khÃ¡ thÃ­ch. Bá»n hay ko pháº£i chá» tg má»›i Ä‘Ã¡nh giÃ¡ dc",0
hÃ ng Ä‘áº¹p giÃ¡ há»£p lÃ½ vá»«a tes thá»­ tháº¥y OK.Ä‘á»™ bá»n chÆ°a biáº¿t.shop gá»­i hÃ ng ráº¥t nhanh,0
Báº¿p dÃ¹ng tá»‘t. CÃ¡c báº¡n giao hÃ ng vÃ  láº¯p Ä‘áº·t ráº¥t nhiá»‡t tÃ¬nh há»— trá»£,0
HÃ ng chuáº©n Ä‘Ãºng nhÆ° mong Ä‘á»£i,0
Ráº¥t tá»‘t...........................................................................................................................................,0
"báº¿p Ä‘áº¹p, giÃ¡ há»£p lÃ½, giao hÃ ng nhanh.",0
"HÃ ng dÃ¹ng á»•n trong táº§m giÃ¡. Tiki giao cá»±c nhanh, báº¿p cÃ³ hÆ¡i kÃªu 1 chÃºt khi náº¥u nhÆ°ng nhÃ¬n chung xÃ i ngon",0
"cÃ²n chÆ°a cáº£ bÃ³c, Ä‘á»£i mang vá» quÃª dÃ¹ng xem sao",0
GiÃ¡ thÃ nh há»£p lÃ½. Báº¿p Ä‘un ráº¥t thÃ­ch,0
Ä‘eph cháº¥t lÆ°á»£ng,0
"Sáº£n pháº©m Ä‘áº¹p cháº¥t lÆ°á»£ng, dÃ¹ng thá»i gian sáº½ update tiáº¿p cho mn tham kháº£o.",0
ok,0
giáº¯c cáº¯m cá»§a báº¿p cáº¯m trá»±c tiáº¿p vÃ o á»• cáº¯m Ä‘iá»‡n trong tÆ°á»ng Ä‘Æ°á»£c ko áº¡,0
ÄÆ°á»£c pháº¿t,0
á»•n,0
"PhÃ¹ há»£p vá»›i nhu cáº§u cá»§a mÃ¬nh, sáº£n pháº©m tá»‘t, khÃ´ng lá»—i",0
Ok,0
Báº¿p dÃ¹ng ok. Thi thoáº£ng bá» ra Äƒn láº©u váº«n Ä‘Æ°á»£c. Giao hÃ ng nhanh,0
Phá»¥c vá»¥ tá»‘t hÃ ng chÃ­nh hÃ£ng.,0
"Báº¿p giao nhanh, Ä‘áº¹p, chÆ°a dÃ¹ng lÃ¢u khÃ´ng biáº¿t cÃ³ bá»n khÃ´ng",0
"Ä‘Ã£ nháº­n tá»« 27/03 hÃ´m nay giá»Ÿ ra thá»­. cáº¯m Ä‘iá»‡n rá»“i báº­t start, báº¥m nÃºt +hay- thÃ¬ báº¿p lÃªn sá»‘ 5 rá»“i nháº£y sang thÃ´ng bÃ¡o E3 vÃ  ko Ä‘un náº¥u Ä‘Æ°á»£c gÃ¬. Váº­y bÃ¢y giá» Tiki sáº½ giáº£i quyáº¿t cho tÃ´i tháº¿ nÃ o Ä‘Ã¢y? Xin nhÃ  bÃ¡n hÃ ng cho tÃ´i giáº£i phÃ¡p ngay nhÃ©. Xin cÃ¡m Æ¡n. ",1
"MÃ¬nh mua sáº£n pháº©m báº¿p tá»« Ä‘Æ°á»£c táº·ng kÃ¨m 1 bÃ¬nh siÃªu tá»‘c. Cháº¥t lÆ°á»£ng 2 sáº£n pháº©m Ä‘á»u tá»‘t.
Tuy nhiÃªn vá» viá»‡c ship hÃ ng, bÃ¬nh siÃªu tá»‘c khÃ´ng Ä‘Æ°á»£c giao cÃ¹ng báº¿p mÃ  háº¹n 2 ngÃ y sau má»›i giao. Thá»±c táº¿ váº«n ship muá»™n 1 ngÃ y so vá»›i dá»± kiáº¿n. Khi ship Ä‘áº¿n mÃ¬nh Ä‘i lÃ m nÃªn muá»‘n shipper há»— trá»£ hoáº·c Ä‘á»•i Ä‘á»‹a chá»‰ giao hÃ ng hoáº·c quay láº¡i ship vÃ o buá»•i chiá»u tá»‘i thÃ¬ shipper Ä‘á»u tháº³ng thá»«ng tá»« chá»‘i. HÃ´m sau ship láº¡i thÃ¬ ",1
"KÃ­ch thÆ°á»›c thá»±c táº¿ khÃ´ng Ä‘ung nhÆ° trong thÃ´ng sá»‘ sáº£n pháº©m lÃ m lá»t lá»— báº¿p.

YÃªu cáº§u Tiki Ä‘á»•i hÃ ng khÃ¡c hoáº·c tráº£ láº¡i hÃ ng.",1
Tiki Pro láº¯p Ä‘áº·t 60k . mÃ  cÃ³ láº¯p gÃ¬ Ä‘Ã¢u. Ä‘ep tá»›i cáº¯m Ä‘iá»‡n lÃ  xong. mÃ¬nh cáº§n Ä‘áº¥u vÃ o cáº§u chÃ¬ cho an toÃ n vÃ¬ báº¿p cÃ´ng suáº¥t lá»›n,1
"mua vá» Ä‘á»ƒ Ä‘Ã³, váº«n chÆ°a má»Ÿ Ä‘á»ƒ sá»­ dá»¥ng.",1
Báº¿p bá»‹ há»ng 1 bÃªn rá»“i shop oi ğŸ¥²,1
"KÃ­ch thÆ°á»›c tháº­t máº·t báº¿p nhá» hÆ¡n so vá»›i order, khÃ´ng vá»«a lá»— Ä‘Ã¡ khoÃ©t sáºµn Ä‘á» nghá»‹ Ä‘á»•i tráº£",2
"Sáº£n pháº©m sai kÃ­ch thÆ°á»›c. KÃ­ch thÆ°á»›c mÃ´ táº£ lÃ  vá» há»™p. Tiki há»— trá»£ Ä‘á»•i tráº£ nhanh, nhiá»‡t tÃ¬nh",2
"Giao hÃ ng quÃ¡ cháº­m so vá»›i thá»i gian Ä‘Ã£ háº¹n, khÃ´ng cÃ³ cÃ¡ch liÃªn há»‡ vs shipper",2
"Ok sáº£n nÃ y sá»­ dá»¥ng tá»‘t,ráº¥t hÃ i lÃ²ng",2
Máº«u mÃ£ khÃ¡ dáº¹p quáº¡t hÆ¡i kÃªu tÃ´.,2
VÃ¬ tháº¥y quáº£ng cÃ¡o hÃ ng mua 2 sua rua máº·t táº¡ng mÃ  khi giao ko cÃ³,0
"LÃ m sáº¡ch sÃ¢u, khÃ´ng gÃ¢y kÃ­ch á»©ng, mÃ¹i dá»… chá»‹u. Ráº¥t hÃ i lÃ²ng. Cáº£m Æ¡n shop ğŸ’›ğŸ€",0
Ko cÃ³ quÃ  táº·ng. Æ¯u cáº§u bá»• xung,0
"Tiki giao nhanh mÃ  thiáº¿p táº¥m thiá»‡p, mÃ¬nh cÃ³ oder táº¥m thiá»‡p kÃ¨m lá»i chÃºc + gÃ³i quÃ . NhÆ°ng giao Ä‘áº¿n lÃ  cÃ³ gÃ³i quÃ  sáºµn rá»“i nÃªn mÃ¬nh ko kiá»ƒm tra bÃªn trong ná»¯a, Khi vá»£ mÃ¬nh má»Ÿ ra thÃ¬ ko tháº¥y táº¥m thiá»‡p nÃ o, hÆ¡i bÃ¹n 1 xÃ­u nhÆ°ng ráº¥t hÃ i lÃ²ng vá» dá»‹ch vá»¥ cá»§a tiki vÃ  bÃªn shop nha. Lá»—i nhá» cÃ³ thá»ƒ bá» qua. Cho 9,5 Ä‘iá»ƒm/10 nha. ",0
"Dá»‹ch COVID-19 Ä‘ang diá»…n biáº¿n ráº¥t phá»©c táº¡p, khÃ³ lÆ°á»ng. Má»—i ngÆ°á»i dÃ¢n cáº§n pháº£i cáº£nh giÃ¡c cao Ä‘á»™; cháº¥p hÃ nh nghiÃªm quy Ä‘á»‹nh vá» giÃ£n cÃ¡ch; tuyá»‡t Ä‘á»‘i tuÃ¢n thá»§ vÃ  thá»±c hiá»‡n Ä‘áº§y Ä‘á»§ cÃ¡c biá»‡n phÃ¡p 5k, cÃ¡c hÆ°á»›ng dáº«n cá»§a Bá»™ Y táº¿. Ká»· luáº­t, tuÃ¢n thá»§ quy Ä‘á»‹nh chÃ­nh lÃ  hÃ nh Ä‘á»™ng nhÃ¢n vÄƒn nháº¥t lÃºc nÃ y Ä‘á»ƒ báº£o vá»‡ mÃ¬nh, báº£o vá»‡ ngÆ°á»i thÃ¢n, cá»™ng Ä‘á»“ng vÃ  Ä‘áº¥t nÆ°á»›c. LiÃªn há»‡ Ä‘Æ°á»ng dÃ¢y nÃ³ng cá»§a Bá»™ Y táº¿ *** Ä‘á»ƒ Ä‘Æ°á»£c tÆ° váº¥n vÃ  há»— trá»£ khi cáº§n thiáº¿t. ",0
"hÃ ng chÃ­nh hÃ£ng,má»›i toanh,date xa cÃ²n Ä‘c táº·ng sá»¯a táº¯m,yÃªu tiki láº¯m,mong cÃ³ mÃ£ freeship Ä‘á»ƒ Ä‘c shopping á»Ÿ tiki,nÆ¡i uy tÃ­n sá»‘ 1,ko Ä‘Ã¢u báº±ng,hÃ¬nh mang tc nháº­n xu áº¡,sp Ä‘áº¹p nÃªn lo cáº¥t rá»“i sá»£ máº¥t áº¥y hihi",0
"Há»™p to, Ä‘Ãºng hai loáº¡i ngÃ y vÃ  Ä‘Ãªm. Giao hÃ ng siÃªu nhanh.
Sau khi mua á»Ÿ cÃ¡c sÃ n khÃ¡c (giao hÃ ng máº¥t cáº£ tuáº§n, cÃ³ khi quÃªn cáº£ mÃ¬nh Ä‘Ã£ Ä‘áº·t hÃ ng) thÃ¬ váº«n quay láº¡i Tiki. MÃ³n nÃ y mÃ¬nh Ä‘áº·t trÆ°a, chiá»u Ä‘Ã£ giao tá»›i. ğŸ’ªğŸ’ªğŸ’ªğŸ’ªğŸ˜„ğŸ˜„ğŸ˜„ğŸ˜„ cáº£m Æ¡n tiki. ",0
"Shop chuáº©n bá»‹ hÃ ng siÃªu nhanh, giao hÃ ng cÅ©ng nhanh. Äáº·t chiá»u hÃ´m qua sÃ¡ng nay Ä‘Ã£ nháº­n Ä‘Æ°á»£c rá»“i",0
tuyá»‡t vá»i vÃ  ok,0
"NhÃ£n cá»§a cÃ¡i ban Ä‘Ãªm dÃ¡n bá»‹ xÃ©o nÃªn cÅ©ng hÆ¡i quan ngáº¡i. 
Tuy nhiÃªn thÃ¬ trá»™m vÃ­a váº«n chÆ°a tháº¥y cÃ³ váº¥n Ä‘á» sau khi sá»­ dá»¥ng.",0
tiki giao hang nhanh . sáº£n pháº©m thÃ¬ cÅ©ng ok . láº§n sau láº¡i ghÃ© mua tiáº¿p.,0
HÃ ng á»Ÿ sÃ i gÃ²n Ä‘áº·t chiá»u ngÃ y 5/3 mÃ  8/3 nháº­n Ä‘Æ°á»£c hÃ ng luÃ´n. Ráº¥t Æ°ng sáº£n pháº©m Ä‘á»ƒ táº·ng cho chá»‹ e.,0
"SÄƒn sale trÃªn Tiki giÃ¡ ráº» hÆ¡n á»Ÿ siÃªu thá»‹ ráº¥t nhiá»u
Giao hÃ ng siÃªu nhanh
Anh shipper Tiki cá»±c dá»… thÆ°Æ¡ng
Tráº£i nghiá»‡m mua sáº¯m á»Ÿ Tiki váº«n lÃ  ráº¥t khÃ¡c bá»t",0
"Äiá»ƒm cá»‘t lÃµi trong hoáº¡t Ä‘á»™ng tiáº¿p thá»‹ cá»§a Apple Ä‘Æ°á»£c giá»›i chuyÃªn mÃ´n Ä‘Ã¡nh giÃ¡ cao vÃ  vÃ­ chÃºng tÆ°Æ¡ng tá»± má»™t ""cá»§ hÃ nh tÃ¢y"" váº­y. Sá»¡ dÄ© Apple Ä‘Æ°á»£c vÃ­ nhÆ° váº­y vÃ¬ há» ráº¥t thuáº§n thá»¥c trong viá»‡c káº¿t há»£p tá»«ng lá»›p khÃ¡c nhau Ä‘á»ƒ káº¿t quáº£ cuá»‘i cÃ¹ng lÃ  táº¡o thÃ nh má»™t tá»•ng thá»ƒ hoÃ n háº£o vÃ  bá»• sung láº«n nhau. TÆ° duy truyá»n thÃ´ng cá»§a Apple lÃ  khÃ´ng hÃ¬nh thÃ nh ""bá»™ pháº­n marketing"" riÃªng biá»‡t, mÃ  thay vÃ o Ä‘Ã³, táº¥t cáº£ cÃ´ng ty, nhÃ¢n viÃªn vÃ  khÃ¡ch hÃ ng chÃ­nh lÃ  nhá»¯ng phÆ°Æ¡ng thá»©c marketing mÃ  Apple mong muá»‘n khai thÃ¡c vÃ  phÃ¡t huy nháº¥t. Chiáº¿n lÆ°á»£c tiáº¿p thá»‹ cá»§a Apple lÃ  thÃºc Ä‘áº©y sá»± mong muá»‘n thá»ƒ hiá»‡n ""cÃ¡i tÃ´i"" áº©n sÃ¢u trong tiá»m thá»©c cá»§a má»—i ngÆ°á»i dÃ¹ng . Há» táº­n dá»¥ng cÃ¡c chiáº¿n lÆ°á»£c tÃ¢m lÃ½, tiáº¿p thá»‹ vÃ  xÃ£ há»™i Ä‘á»ƒ thu hÃºt ",0
"MÃ¬nh Ä‘Ã£ dÃ¹ng qua Pond's ban Ä‘Ãªm loáº¡i 30g tháº¥y ok nÃªn láº§n nÃ y mua luÃ´n cáº£ Ä‘Ã´i vÃ  tháº¥y loáº¡i ban ngÃ y dÃ¹ng cÅ©ng tá»‘t, cháº¥t kem hÆ¡i Ã¡nh kim, bÃ´i lÃªn da cáº£m giÃ¡c nhÆ° cÃ³ pháº¥n trong kem, khÃ´ng bá»‹ bÃ³ng dáº§u mÃ  ráº¥t hÃºt má»“ hÃ´i, cÃ²n cÃ³ cáº£m giÃ¡c nhÆ° bÃ´i kem lÆ°á»i, áº©n bá»›t Ä‘i lá»— chÃ¢n lÃ´ng, khuyáº¿t Ä‘iá»ƒm trÃªn da. NÃ³i chung lÃ  á»•n ",0
â¤ï¸â£ï¸â£ï¸â¤ï¸â£ï¸â£ï¸â¤ï¸â£ï¸â£ï¸â¤ï¸â¤ï¸,0
Giao hÃ ng nhanh. ÄÃ³ng gÃ³i cáº©n tháº­n. MÃ¬nh dÃ¹ng pons lÃ¢u rá»“i vÃ  loáº¡i khÃ¡c chá»© khÃ´ng pháº£i loáº¡i nÃ y. Hi vá»ng dÃ¹ng ok. Xin cáº£m Æ¡n shop.,0
"HÃ ng ok,giao hÃ ng nhanh,chÆ°a dÃ¹ng nÃªn chÆ°a biáº¿t cÃ³ tá»‘t ko.váº«n cho 5sao.",0
háº¡n sá»­ dá»¥ng dÃ i nhÆ°ng Ä‘Ã³ng gÃ³i sáº£n pháº©m bá»‹ mÃ³p mÃ©o. tuy nhiÃªn sáº£n pháº©m k viá»‡c gÃ¬ mong shop chÃº Ã½ khÃ¢u Ä‘Ã³ng gÃ³i áº¡. vÃ¬ Ä‘c táº·ng 5 gÃ³i nhá» nÃªn cho shop 5* nha,0
"Sáº£n pháº©m Ä‘Ã³ng gÃ³i cáº©n tháº­n, má»›i, date xa
Giao hÃ ng nhanh, shipper thÃ¢n thiá»‡n",0
Mua hÃ ng cá»§a tiki lÃºc nÃ o cÅ©ng hÃ i lÃ²ng háº¿t Ã¡.vá» má»i máº·t.cÃ²n sáº£n pháº«m pons nÃ y thÃ¬ mÃ¬nh má»›i dÃ¹ng Láº§n Ä‘áº§u tiÃªn nÃªn chÆ°a biáº¿t tháº¿ nÃ o.,0
MÃ´ táº£ lÃ  hÃ ng Indonesia. Há»™p thÃ¬ sáº£n xuáº¥t ThÃ¡i lan.. Hsd dÃ i. Ok,0
"ÄÃ³ng gÃ³i Ä‘Ã ng hoÃ ng, cháº¥t kem tá»‘t",0
kem thÆ¡m má»‹n dÃ¹ng thÃ­ch láº¯m sáº½ á»§ng há»™ Shop tiáº¿p ğŸ’¯ğŸ’¯ğŸ’¯ğŸ’¯ğŸ’¯ğŸ’¯ğŸ’¯ğŸ˜ŒğŸ˜ŒğŸ˜ŒğŸ˜ŒğŸ˜ŒğŸ˜›ğŸ˜ŒğŸ˜ƒğŸ˜ƒğŸ’“ğŸ’“ğŸ’“ğŸ’“ğŸ’“ğŸ’¯ğŸ¤£ğŸ‘ƒğŸ˜…â˜ºï¸ğŸ¤©ğŸ˜ğŸ˜ğŸ’“,0
mÃ¬nh vá»«a nháº­n Ä‘Æ°á»£c hÃ ng. mÃ¬nh má»›i Ä‘áº·t tá»‘i hÃ´m qua mÃ  trÆ°a nay Ä‘Ã£ nháº­n Ä‘Æ°á»£c rá»“i. tiki Ä‘Ã³ng hÃ ng ráº¥t cáº©n tháº­n mÃ¬nh Ä‘Ã£  mua 4 há»™p. lÃºc Ä‘áº·t hÃ ng cá»© lo sá»£ giáº£m giÃ¡ hÃ ng cÅ© nhÆ°ng mÃ  ngÆ°á»£c láº¡i gÃ ng má»›i toanh ????. HSD tá»›i thÃ¡ng 6 2023. mÃ¬nh ráº¥t hÃ i lÃ²ng vá» Tiki. ??. ,0
San pham phu hop voi con toi xin cam on,0
Sao tháº¥y táº·ng kem dÆ°á»¡ng da mÃ  k cÃ³ váº­y shop,0
ÄÃ³ng gÃ³i cáº©n tháº­n giao hÃ ng nhanh chÃ³ng Ä‘Ãºng sáº£n pháº©m,0
"ÄÃ£ nháº­n Ä‘á»§ vÃ  Ä‘Ãºng hÃ ng. Date sá»­ dá»¥ng khÃ¡ xa 20/04/25
CÃ³ khuyáº¿n mÃ£i 2 gÃ³i serum dá»… thÆ°Æ¡ng.",0
"Sáº£n pháº©m nháº­n nguyÃªn há»™p, Ä‘Ã³ng gÃ³i Ä‘áº¹p vÃ  cáº©n tháº­n! Cháº¥t kem dÃ¹ng dá»‹u nháº¹, khÃ´ng báº¿t dÃ­nh.
HÃ i lÃ²ng vá» sáº£n pháº©m!",0
Ä‘Ã³ng gÃ³i cáº©n tháº­n . giao Ä‘Ãºng vÃ  Ä‘á»§ . mÃ¬nh SÃ i sáº£n pháº©m nÃ y nhiá»u rá»“i . nháº¹ nhÃ ng mÃ  dÆ°á»¡ng áº©m tá»‘t .tráº¯ng da mÃ  pháº£i sá»­ dá»¥ng lÃ¢u dÃ i,0
ÄÃ³ng goi tot,0
ÄÃ£ nháº­n Ä‘Æ°á»£c hÃ ng Ä‘áº§y Ä‘á»§ nhÆ°ng ko cÃ³ khuyáº¿n mÃ£i nhÆ° quáº£ng cÃ¡o dÃ¹ Ä‘Ã£ mua hÆ¡n 600 ngÃ n tiá»n hÃ ng.,0
"MÃ¹i dá»… chá»‹u, phÃ¹ há»£p vá»›i má»i loáº¡i da.",0
"mua 1 combo 182k dc táº·ng mÃ¡y rá»­a massage máº·t, Ä‘Ãºng hÃ ng sp tá»‘t ğŸŒº",0
"MÃ¹i thÆ¡m dá»… chá»‹u,chá»‘ng náº¯ng tá»‘t, da ko bá»‹ khÃ´ ráº¥t thÃ­ch date xa nha,Ä‘Ã³ng gÃ³i cáº©n tháº­n",0
HÃ ng giao ráº¥t nhanh vÃ  cáº©n tháº­n. nhÆ°ng sao trong trang bÃ¡n ghi lÃ  cÃ³ quÃ  táº·ng cho má»i Ä‘Æ¡n lÃ  lá» kem dÆ°á»¡ng mÃ´i mÃ  láº¡i khÃ´ng cÃ³.,0
"ráº¥t thÆ¡m, kem nÆ°á»›c ráº¥t má»‹n, nhanh tháº¥m, ko báº¿t rÃ­t. giÃ¡ cáº£ há»£p lÃ½.",0
Sáº£n pháº©m tá»‘t,0
shop giao sáº£n pháº©m nhanh vÃ  Ä‘á»§ sá»‘ lÆ°á»£ng hÃ ng Ä‘Ã£ Ä‘áº·t. Sáº£n pháº©m má»›i dÃ¹ng nÃªn chÆ°a biáº¿t lÃ n da máº·t cÃ³ Ä‘Æ°á»£c cáº£i thiá»‡n nhiá»u sau khi dÃ¹ng sáº£n pháº©m khÃ´ng,0
"SP tá»‘t, ko gÃ¢y kÃ­ch á»©ng",0
Sáº£n pháº¥m dÃ¹ng tÃ´t .,0
"Giao hÃ ng nhanh. Sp xÃ i hiá»‡u quáº£, nÃ¢ng tone nhanh, cÃ³ Ä‘iá»u pháº£i xÃ i kÃ¨m kcn chá»© báº¯t náº¯ng quÃ¡",0
"cháº¥t kem Ä‘áº·c, má»‹n, mÃ¬nh dÃ¹ng quen rá»“i nÃªn cháº¥t lÆ°á»£ng khÃ´ng cÃ³ gÃ¬ pháº£i bÃ n cáº£. rate 5 sao. áº£nh Ä‘á»ƒ kiáº¿m xu thÃ´i",0
"dÃ¹ng hiÃªu quáº£, da sÃ¡ng sau 1 thÃ¡ng 
hÃ¬nh áº£nh mang tÃ­nh nháº­n xu kaka lÃ m biáº¿ng chá»¥p",0
kem xÃ i thÃ­ch láº¯m luÃ´n mÃ  ráº» ná»¯a ráº» hÆ¡n á»Ÿ ngoÃ i nhiá»u vÃ¬ mÃ¬nh mua chÃºng Ä‘á»£t sale,0
"shop giao hÃ ng nhanh, sáº£n pháº©m Ä‘Ãºng mÃ´ táº£, ship ráº¥t nhiá»‡t tÃ¬nh, Ä‘Ã³ng gÃ³i cáº©n tháº­n, hÃ¬nh áº£nh chá»‰ mang tÃ­nh cháº¥t Ä‘Ã¡nh giÃ¡ !",0
"Kem ki kÃ­ch á»©ng, thÆ¡m, thÆ° giáº£n.
CÃ´ng dá»±ng thÃ¬ mÃ¬nh dÃ¹ng xong gá»­i feedback sau nhÃ©",0
Sp nÃ y mÃ¬nh dÃ¹ng nhiá»u rá»“i ráº¥t lÃ  tá»‘t áº¡,0
ÄÃ³ng gÃ³i cáº­n tháº­n. Sáº£n pháº©m tá»‘t. Sá»­ dá»¥ng OK kem ko báº¿t dÃ­nh tháº©m tháº¥u nhanh. HÃ ng tá»‘t áº¡,0
giao hÃ ng nhanh. hiá»‡u quáº£ tá»‘t. mÃ¬nh Ä‘Ã£ sá»­ dá»¥ng nhiá»u láº§n vÃ  sáº½ tiáº¿p tá»¥c á»§ng há»™,0
"QuÃ¡ tháº­t vá»ng vá» ship. Äang cho best giao á»•n Ä‘á»•i jnt quÃ¡ khÃ³ chá»‹u. HÃ ng Ä‘áº¿n kho 2 ngÃ y nhÃ¢n viÃªn má»›i chá»‹u Ä‘i ship. Gá»i nÃ³i chuyá»‡n ráº¥t khÃ³ chá»‹u nhÆ° muá»‘n chá»­i mÃ¬nh. Tá»‘n bao tiá»n Ä‘iá»‡n thoáº¡i má»›i chá»‹u ship, máº¥t tiá»n mua mÃ  nhÆ° Ä‘i xin. QuÃ¡ bá»±c mÃ¬nh vá» jnt ",1
"Khi tÃ´i Ä‘áº·t hÃ ng lÃ  Ä‘Æ°á»£c táº·ng chai vaseline 70 hoáº·c 100ml. NhÆ°ng nháº­n hÃ ng khÃ´ng cÃ³.
Khi tÃ´i Ä‘áº·t hÃ ng táº·ng váº«n cÃ²n chá»© khÃ´ng pháº£i háº¿t.",1
"LÃºc order thÃ¬ cÃ³ quÃ  táº·ng, giÃ¡o k cÃ³ lÃ  sao Shop.",1
"mÃ¬nh Ä‘Ã£ Ä‘áº·t hÃ ng nhÆ°ng nháº­n sai sáº£n pháº©m thÃ nh 2 há»™p pond's ban Ä‘Ãªm, sau Ä‘Ã³ mÃ¬nh Ä‘Ã£ liÃªn há»‡ vá»›i bÃªn tiki vÃ  bÃ¡o giáº£i quyáº¿t giÃºp mÃ¬nh, nhÆ°ng Ä‘Ã£ 5 ngÃ y rá»“i mÃ  mÃ¬nh chÆ°a nháº­n Ä‘Æ°á»£c báº¥t cá»© pháº£n há»“i Ä‘áº¿n thu nháº­n láº¡i hÃ ng cá»§a tiki. mÃ¬nh ráº¥t ghÃ©t cÃ¡ch lÃ m viá»‡c nhÆ° tháº¿ nÃ y cá»§a tiki ",1
Cháº³ng cÃ³ quÃ  táº·ng nÃ o Ä‘i kÃ¨m. HÆ¡i tháº¥t vá»ng. Máº·c dÃ¹ áº£nh ghi combo táº·ng quÃ  nhÆ°ng k cÃ³ quÃ  gÃ¬ cáº£,1
KhÃ´ng tháº¥y táº·ng kÃ¨m theo vaseline vÃ  sá»¯a rá»­a máº·t nhÆ° chÆ°Æ¡ng trÃ¬nh khuyáº¿n mÃ£i,1
"Chá»n máº«u White beauty, mÃ  giao loáº¡i nÃ y. Giao Nháº§m hÃ ng.",1
khi Ä‘áº·t hÃ ng thÃ¬ tháº¥y cÃ³ ghi lÃ  táº·ng 1 chai nÆ°á»›c táº©y trang trá»‹ giÃ¡ 80k nhÆ°ng khi nháº­n hÃ ng k há» cÃ³ nhÃ© shop. K lá»«a bá»‹p khÃ¡ch hÃ ng nhÃ©,1
"ko tháº¥y quÃ  táº·ng kÃ¨m theo ,ko vui tÃ½ nÃ o",1
hÃ ng rá»Ÿm lá»«a Ä‘áº£o má»i ngÆ°á»i cáº©n tháº­n nha,1
NÃ³i cÃ³ quÃ  mÃ  cháº£ tháº¥y há»™p Ä‘á»±ng mÃ©o háº¿t chÆ¡n ğŸ¥²ğŸ¥²,1
sao ship hÃ ng m hok nháº­n dc hÃ ng khuyáº¿n mÃ£i Ä‘Ã­nh kÃ¨m,1
"Bá»‹ dá»‹ á»©ng ná»•i nhiá»u má»¥n, khÃ´ng tá»‘t",1
lÃºc Ä‘áº§u mua Ä‘á»ƒ khuyáº¿n mÃ£i thÃªm chai sá»­a rá»­a máº·t .tá»›i khi nháº­n hÃ ng thÃ¬ láº¡i khÃ´ng cÃ³ .khÃ´ng hiá»ƒu sao lun .,1
"Giao hÃ ng quÃ¡ lÃ¢u , khÃ´ng pháº£n há»“i khÃ¡ch hÃ ng 
Sp ok",1
"mÃ¬nh máº¥y nÄƒm dÃ¹ng pons ko sao,hÃ´m kia mua cá»§a shop vá» bá»‹ dá»‹ á»©ng,máº·t sÆ°ng phÃ¹ vÃ  ngá»©a,chÃ¡n cháº£ buá»“n nÃ³i",1
mÃ¬nh nháº­n kem rá»“i ko tháº¥y qua váº­y,1
Kem bÃ´i ngÃ y ráº¥t chÃ¡n. LÃ m xá»‰n da. So sÃ¡nh vá»›i má»™t loaik kem cÃ¹ng loaik thÃ¬ mÃ u sáº¯c vÃ  cháº¥t kem loÃ£ng hÆ¡n,1
Máº¹ mÃ¬nh dÃ¹ng bá»‹ ná»•i Ä‘á» máº·t luÃ´n. pháº£i ngá»«ng láº¡i. bÃ´i thuá»‘c. mÃ¬nh dÃ¹ng thÃ¬ ko tháº¥y sao. Da nháº¡y cáº£m thÃ¬ ko nÃªn mua nhÃ©.,1
"Khi mÃ¬nh Ä‘áº·t mua thÃ¬ cÃ³ táº·ng kÃ¨m tuÃ½p sá»¯a rá»­a máº·t, nhÆ°ng khi nháº­n hÃ ng thÃ¬ khÃ´ng cÃ³.",1
"LÃ m Äƒn gian dá»‘i, ko cÃ³ quÃ  táº·ng..!",1
Minh mua bo kem duong co tang...ma khi giao k thay HÃ ng tang la sao,1
Sáº£n pháº©m khÃ´ng cÃ³ háº¡n sá»­ dá»¥ng nhÆ° quáº£ng cÃ¡o. khÃ´ng hÃ i lÃ²ng chÃºt nÃ o,1
chÆ°a dÃ¹ng nhiá»u nÃªn lÃ¢u dÃ i chÆ°a kháº³ng Ä‘á»‹nh Ä‘Æ°á»£c,1
K giao quÃ  táº·ng. bÃ³c lung tung ra rá»“i má»›i nhá»› ra nÃªn k cÃ³ báº±ng chá»©ng gÃ¬ Ä‘á»ƒ tráº£ hÃ ng.,1
mÃ¬nh mua cÃ³ hÃ ng km.nhung sao shop khÃ´ng giao hÃ ng khuyáº¿n mÃ£i cho mÃ¬nh nhá»‰...lÃ m Äƒn nhÆ° cá»©c,1
"bÃ´i kem lÃªn máº·t ,kem cháº£y dáº§u,ko Ä‘Æ°á»£c khÃ´,mÃ¬nh sá»£ sáº½ bá»‹ má»¥n, nÃªn Ä‘Ã£ ko dÃ¹ng ná»¯a",1
"MÃ¬nh khÃ´ng thá»ƒ tiáº¿p tá»¥c dÃ¹ng sp nÃ y,dá»‹ á»©ng Ä‘á» háº¿t da.ğŸ˜°",1
hÃ´m nay thi coÌ  211k hÃ´m qua mua 235k kÃªu coÌ   qua tang  ma khÃ´ng thay gÃ¬ the la lua khÃ¡ch ak,1
shop nÃ³i cÃ³ quÃ  táº·ng mÃ  khi nháº­n hÃ ng láº¡i ko cÃ³.,1
tháº¥y kÃªu táº·ng kÃ¨m chai nÆ°á»›c hoa há»“ng mÃ  nháº­n hÃ ng k tháº¥y cÃ³,1
"Kem dÃ¹ng á»•n, cÃ²n sáº£n pháº©m nÃ o tá»‘t ná»¯a ko",1
chÃ¡n ko buá»“n nhan xet.tiki lÃ m Äƒn chÃ¡n qua.sáº½ ko bjo mua qua tiki nuea,1
giao hÃ ng cháº­m  quÃ¡ cháº­m cáº§n kháº¯c phá»¥c,1
"tÃ´i dÃ¹ng 2 ngÃ y rá»“i,giá» máº·t tÃ´i ná»•i toÃ n má»¥n
cÃ³ nÃªn dÃ¹ng ná»¯a hay ko áº¡",1
"Giao hÃ ng quÃ¡ cháº­m, quÃ¡ tá»‡",1
sáº£n pháº©m khi dÃ¹ng lÃªn da lÃ m da bá»‹ dáº§u vÃ  ná»•i má»¥n,1
mÃ¬nh mua pon'd thiáº¿t káº¿ má»›i nhÆ°ng giao lÃ  thiáº¿t káº¿ cÅ©,1
"KhÃ´ng cÃ³ khuyáº¿n mÃ£i nhÆ° quáº£ng cÃ¡o, nhÆ°ng hÃ ng Pond's thÃ¬ miá»…n chÃª.",1
mh rat hÃ i lÃ²ng ve sp cuaben mh,1
"ko cÃ³ quÃ  táº·ng nhÆ° hÃ¬nh , giao nhanh",1
"sáº£n pháº©m cháº¥t lÆ°á»£ng
Ä‘Ã£ sÃ i qua",1
"Sáº£n pháº©m tá»‘t, giao hÃ ng nhanh",1
tá»‘t láº¯m áº¡ okokok123456789,1
"sp ok , giao trá»ƒ hÆ¡n dá»± kiáº¿n",1
"Sá»­ dá»¥ng 1 thÃ¡ng rÆ°á»¡i rá»“i, khÃ´ng cÃ³ hiá»‡u quáº£",1
gÃ¢y cáº£m giÃ¡c ngá»©a khi dÃ¹ng á»Ÿ vÃ¹ng cá»•,1
sáº£n pháº©m quÃ¡ teeeeeeeeeeee,1
hÃ ng OK thank you very much,1
sÃ i bá»‹ ngá»©a da máº·t quÃ¡ giá» ko biáº¿t lÃ m sao,1
Minh dÃ¹ng sá»‘ nÃ y rá»“i ráº¥t tá»‘t.  NhÆ°ng tháº¥t vá»ng vá»  shop mua 1 bá»™ sáº£n pháº©m trÃªn 450k Ä‘á»ƒ Ä‘c nháº­n quÃ . Trong khi Ä‘Äƒng bÃ¡n lÃ  trÃªn 450k sáº½ Ä‘c nháº­n qua mÃ  mÃ¬nh mua trÃªn k Ä‘c mÃ³n quÃ  nÃ o cáº£. Sá»£ tá»‘t nhÆ°ng shop lÃ m Äƒn quÃ¡ tháº¥t vá»ng ,2
"Ä‘Ã£ nháº­n hÃ ng nhÃ© Tiki, chÆ°a sá»­ dá»¥ng nÃªn khÃ´ng biáº¿t hiá»‡u quáº£ trÃªn da mÃ¬nh tháº¿ nÃ o, nhÆ°ng trÆ°á»›c háº¿t Tiki giao Ä‘Ãºng sáº£n pháº©m mÃ¬nh Ä‘Ã£ Ä‘áº·t vÃ  anh giao hÃ ng cá»±c ká»³ dá»… thÆ°Æ¡ng, vui váº». Chá»‰ cÃ³ Ä‘iá»u lÃ  khi unbox thÃ¬ nhá»¯ng sáº£n pháº©m gÃ³i ko ká»¹ lÆ°á»¡ng, xá»‡ch xoáº¡t, khÃ´ng cÃ³ cháº¥t liá»‡u nÃ¢ng Ä‘á»¡. Sau khi sá»­ dá»¥ng xong mÃ¬nh sáº½ review sau vá» cháº¥t lÆ°á»£ng vÃ  hiá»‡u quáº£ sp sau nhÃ©. ",2
Báº£o cÃ³ quÃ  mÃ  cháº³ng tháº¥y Ä‘Ã¢u...? Tháº­t buá»“n ğŸ˜‚,2
Sáº£n pháº©m cÃ³ kÃ­ hiá»‡u mÃ£ váº¡ch Inddonesesia nhÆ°ng trÃ¢n há»™p ghi sáº£n xuáº¥t táº¡i ThÃ¡i Lan. KhÃ´ng cÃ³ quÃ  táº·ng kÃ¨m theo.,2
"Trc tiÃªn Tiki giao hÃ ng nhanh, nv giao hÃ ng lá»‹ch sá»±, mua Ä‘c giÃ¡ tá»‘t. CÃ²n vá» sáº£n pháº©m mÃ¬nh mua bá»™ Ä‘Ã´i kem dÆ°á»¡ng da ngÃ y vÃ  Ä‘Ãªm nhÆ°ng nháº­n hÃ ng 2 há»™p Ä‘á»u sd cho Ä‘Ãªm, cáº£m tháº¥y hÆ¡i tháº¥t vá»ng xÃ­.",2
"KhÃ´ng cÃ³ quÃ  táº·ng kÃ¨m theo nhÆ° quáº£ng cÃ¡o, chá»‰ cÃ³ 2 há»™p kem.",2
KhÃ´ng tháº¥y quÃ  táº·ng nhÆ° hÃ¬nh,2
Giao thiáº¿u sáº£n pháº©m táº·ng kÃ¨m,2
"MÃ¬nh tháº¥y khÃ¡c vá»›i há»™p cÅ© mÃ¬nh sÃ i, khÃ´ng biáº¿t cÃ³ pháº£i hÃ ng giáº£ khÃ´ng, nhÆ°ng mÃ¬nh chÆ°a dÃ¡m dÃ¹ng",2
hang gui ok chat luong hang cáº§n xÃ i má»›i biÃªt dc,2
"chÆ°a hÃ i lÃ²ng láº¯m
lÃºc Ä‘áº·t sáº£n pháº©m ghi táº·ng 1 nÆ°á»›c táº©y trang nhÆ°ng lÃºc nháº­n láº¡i khÃ´ng cÃ³",2
Sáº£n pháº©m xÃ i lÃªn má»¥n vÃ  báº¯t náº¯ng,2
"hiá»‡n táº¡i mÃ¬nh má»›i dÃ¹ng nÃªn chá»‰ tháº¥y rá»­a sáº¡ch máº·t, nhÆ°ng má»¥n thÃ¬ váº«n chÆ°a giáº£m",2
Äong goi tot.kem ngay bÃ´i hÆ¡i báº¿t.kem Ä‘em chua thu,2
má»›i sÃ i 10ngay chÆ°a tháº¥y tÃ¡c dá»¥ng gÃ¬. da bá»‹ khÃ´ cÃ ng khÃ´,2
sáº£n pháº©m giao nhanh. Æ°ng Ã½,2
"bÃ¬nh thÆ°á»ng, xÃ i 1 thÃ¡ng chÆ°a tháº¥y tÃ¡c dá»¥ng gÃ¬",2
"check mÃ£ ban ngÃ y thÃ¬ cá»§a ThÃ¡i, ban Ä‘Ãªm thÃ¬ cá»§a Indo váº­y lÃ  ntn???",2
CÅ©ng Ä‘Æ°á»£c nhÆ°ng con xem káº¿t quáº£ sau thoi gian sá»­ dá»¥ng,2
cháº¯c do da tÃ´i khÃ´ng thÃ­ch há»£p vá»›i sáº£n pháº©m nÃªn tÃ´i bá»‹ ná»•i máº©n Ä‘á»,2
"Tháº¥y Ä‘Äƒng hÃ ng cÃ³ kÃ¨m sp táº·ng, nhÆ°ng ko tháº¥y",2
khÃ´ng cÃ³ quÃ  táº·ng kÃ¨m. giao hÃ ng ráº¥t cháº­m,2
hag rat dug mau nhug thieu qua tag kem,2
sáº£n pháº©m tá»‘t . giao hÃ ng nhanh,2
Giao HÃ ng Nhanh. Ä‘ong goi cáº©n tháº­n .sáº£n pháº©m thÃ¬ chÆ°a dÃ¹ng chÆ°a biáº¿t,2
DÃ³ng gÃ³i Ä‘áº¹p váº­n chuyá»ƒn nhanh . Kem ngÃ y hÆ¡i Æ°á»›t,2
Ä‘á»ƒ 50g nhÆ°ng giao chá»‰ 30g,2
chua dung nen chua bt ket quáº£,2
"giao hÃ ng nhanh chÃ³ng, táº¡m hÃ i lÃ²ng",2
cáº£m tháº¥y da mÃ¬nh ko há»£p thoa lÃªn nÃ³ xá»« xá»« da,2
Má»›i dÃ¹ng ko biáº¿t tháº¿ nÃ o.....,2
MÃ¬nh nháº­n Ä‘Æ°á»£c sáº£n pháº©m nhÆ°ng cáº£ 2 há»™p Ä‘á»u lÃ  night cream Tiki Æ¡i,2
cuÌƒng biÌ€nh thÆ°Æ¡Ì€ng thÃ´i,2
"mua giÃ¡ 162k, giá» thÃ¬ cÃ²n cÃ³ 129k, ngoÃ i viá»‡c Ä‘Ã³ ra k cÃ³ gÃ¬ pháº£i bÃ n cÃ£i",2
"Giao nhanh, Ä‘Ã³ng gÃ³i cáº©n tháº­n, hÃ ng Ä‘áº¹p.",0
MÃ¡y sá»­ dá»¥ng Ok hen,0
"HÃ ng Ä‘áº¹p, cháº¥t lÆ°á»£ng. ÄÃ³ng gÃ³i chuáº©n, nguyÃªn seal. Tuy nhiÃªn khÃ´ng tháº¥y thÃ´ng tin vá» thá»i gian báº£o hÃ nh cá»§a sáº£n pháº©m, vui lÃ²ng cáº­p nháº­t giÃºp thÃ´ng tin báº£o hÃ nh.",0
"MÃ¡y máº«u mÃ£ Ä‘áº¹p gá»n khÃ´ng chiáº¿m diá»‡n tÃ­ch nhiá»u, miáº¿ng lá»c dÃ¹ng trá»n Ä‘á»i tiá»‡n lá»£i. GiÃ¡ cáº£ há»£p lÃ½. Äang dÃ¹ng Ä‘á»ƒ nÆ¡i lÃ m viá»‡c. Cáº£m nháº­n khÃ´ng khÃ­ thoÃ¡ng hÆ¡n. HÃ i lÃ²ng",0
"bá»c mÃ¡y ráº¥t kÄ©,  mÃ¬nh má»Ÿ máº¥y lá»›p má»›i  tá»›i mÃ¡y. giao hÃ ng nhanh hÆ¡n dá»± kiáº¿n.  mÃ¡y lá»c tá»‘t Ãªm ru ko á»“n Ã o j háº¿t.  ráº¥t Ä‘Ã¡ng mua.  ai Ä‘ang Ä‘i xe hÆ¡i Ä‘áº·c biá»‡t cÃ³ con nhá» thÃ¬ nÃªn mua 1 em Ä‘á»ƒ giá»¯ sá»©c khá»e cho cáº£ nhÃ  nhÃ© ",0
"shop giao hÃ ng nhanh, giáº¥y tá» Ä‘á»§. mÃ¡y nhá» gá»n dá»… mang theo, Ä‘á»ƒ dÃ¹ng xem tháº¿ nÃ o ??",0
ÄÃ¡ng mua,0
"Giao hÃ ng nhanh, Ä‘Ã³ng gÃ³i cáº©n tháº­n, mÃ¡y ráº¥t cháº¯c cháº¯n, sáº½ Ä‘Ã¡nh giÃ¡ hiá»‡u quáº£ sau, nhÆ°ng nhÃ¬n lÃ  Æ°ng rá»“i, cho shop 5 sao",0
Xá»‹n láº¯m nha. Nhá» mÃ  ngon nÃ¨,0
"giao hÃ ng nhanh ghÃª, dÃ¹ lÃ  CN, ráº¥t hÃ i lÃ²ng, Ä‘Ã¨n xanh khÃ¡ Ä‘áº¹p, mÃ¬nh sáº½ Ä‘á»ƒ á»Ÿ phÃ²ng ngá»§ xem hiá»‡u quáº£ tháº¿ nÃ o",0
"áº¥n tÆ°á»£ng Ä‘áº§u tiÃªn lÃ  Ä‘áº¹p, nhá» gá»n. shop giao hÃ ng cá»±c nhanh vÃ  gÃ³i cáº©n tháº­n, cÃ³ tem seal Ä‘Ã ng hoÃ ng, ok",0
"Sáº£n pháº©m cháº¥t lÆ°á»£ng, Ä‘Ã³ng gÃ³i cáº©n tháº­n, giao hÃ ng nhanh. Ráº¥t tuyá»‡t vá»i",0
ÄÃ£ nháº­n hÃ ng vá»›i sá»± hÃ i lÃ²ng. ChÆ°a dÃ¹ng thá»­,0
"mÃ¡y Ä‘Ãºng chÃ­nh hÃ£ng hÃ n quá»‘c, xÃ i cÅ©ng yÃªn tÃ¢m hÆ¡n hÃ ng tÃ u, mÃ¡y cháº¯c cháº¯n ,Ä‘áº¹p, tháº¥y lá»c khÃ¡ ok trong xe hÆ¡i, cho 5 sao",0
"MÃ¡y hoáº¡t Ä‘á»™ng tá»‘t, mua sáº£n pháº©m bÃªn shop thÃ¬ khá»i sá»£ hÃ ng kÃ©m cháº¥t lÆ°á»£ng ^^",0
Ok,0
"giao hÃ ng ráº¥t nhanh, nhÃ¬n mÃ¡y khÃ¡ Ä‘áº¹p, nhá»±a cao cáº¥p, hy vá»ng sáº½ hiá»‡u quáº£",0
"DÃ¹ng tá»‘t, má»Ÿ tÃ­ xÃ­u lÃ  khÃ´ng cÃ²n nghe mÃ¹i trong xe luÃ´n",0
Tá»‘t,0
HÃ ng Ä‘Ãºng mÃ´ táº£,0
Ráº¥t tá»‘t,0
Great,0
MÃ¡y cháº¡y á»•n. Äáº¹p. Ráº¥t Ä‘Ã¡ng mua,0
MÃ¡y cháº¡y tá»‘t nhÆ°ng khÃ´ng biáº¿t cháº¥t lÆ°á»£ng lá»c tháº¿ nÃ o.,0
Khá»­ má»«i tá»‘t nhÆ°ng khÃ´ng biáº¿t thá»i gian sau thÃ¬ tháº¿ nÃ o . TrÆ°á»›c máº¯t cho 5 sao Ä‘Ã£,0
sáº£n pháº©m tá»‘t,0
Giao nhanh hÃ ng Ä‘áº¹p cÃ²n cháº¥t lÆ°á»£ng pháº£i theo dÃµi,0
Ok,0
"MÃ¬nh nháº­n hÃ ng hÃ´m qua. Nay má»›i báº¯t Ä‘áº§u cháº¡y thá»­. NÃªn chÆ°a biáº¿t tháº¿ nÃ o. Hi vá»ng lÃ  hiá»‡u quáº£.. ?. Náº¿u tháº­t sá»± khÃ´ng Ä‘á»ƒ Ã½ (trÃªn xe luÃ´n nghe nháº¡c, Ä‘Ã i.. ) thÃ¬ Ä‘á»™ á»“n quáº¡t giÃ³ cá»§a mÃ¡y ko Ä‘Ã¡ng ká»ƒ, ok cÃ³ thá»ƒ cháº¥p nháº­n Ä‘Æ°á»£c. 

CÃ²n vá» tá»•ng quan thÃ¬ mÃ¬nh hÃ i lÃ²ng. Sáº£n pháº©m Ä‘Ã³ng gÃ³i cáº©n tháº­n, mÃ¡y Ä‘áº¹p, cháº¯c cháº¯n. NÃºt cáº£m á»©ng nháº¡y, ráº¥t dá»… sá»­ dá»¥ng. Thnks !!. ",0
HÃ ng dÃ¹ng tá»‘t. Khá»­ mÃ¹i trong oto ráº¥t nhanh.,0
"cháº³ng cÃ³ gÃ¬ khÃ¡c ak. báº­t 30 phÃºt vÃ o váº«n nhÆ° cÅ© lÃ  sao nhÃ¬. mÃ¹i váº«n tháº¿.
tiáº¿ng á»“n táº¡m Ä‘k. báº­t nháº¡c lÃ  ok.
hÆ¡i phÃ­ tiá»n.",1
MÃ¡y cá»§a mÃ¬nh mua bá»‹ há»ng giáº¯c cáº¯m ( gÃ£y á»Ÿ trong chá»— cáº¯m Ä‘iá»‡n trÃªn mÃ¡y ) ko dÃ¹ng Ä‘x ná»¯a,1
"MÃ¡y nhá» , ko lá»c Ä‘Æ°á»£c khÃ´ng khÃ­ lÃ  bao. KhuyÃªn cÃ¡c báº¡n Ä‘á»«ng nÃªn mua. PhÃ­ tiá»n",1
MÃ¡y á»“n gÃ¢y khÃ³ chá»‹u khi lÃ¡i xe ráº¥t nhiá»u.,1
KhÃ´ng tháº¥y sá»± khÃ¡c biá»‡t so vá»›i trÆ°á»›c,1
KhÃ´ng cÃ³ phiáº¿u báº£o hÃ nh cho sáº£n pháº©m,1
KhÃ´ng tháº¥y quÃ  Táº·ng nhÆ° quáº£ng cÃ¡o.,1
"MÃ¡y má»›i mua 1 tuáº§n Ä‘Ã£ há»ng, Ä‘á» nghá»‹ shop hÆ°á»›ng dáº«n gá»­i báº£o hÃ nh giÃºp !",1
quÃ¡ nhá» so vá»›i hÃ¬nh Ä‘Äƒng trÃªn shop,1
MÃ¬nh má»›i mua MÃ¡y khÃ´ng hoáº¡t Ä‘á»™ng mÃ¬nh báº£o hÃ nh tháº¿ nÃ o tiki,2
sÃ i táº¡m á»•n,2
"Sau khi sá»­ dá»¥ng qua má»™t sá»‘ loáº¡i sÃ¡p thÆ¡m cá»§a cÃ¡c hÃ£ng khÃ¡c, giÃ¡ thÃ nh ráº» hÆ¡n nÃªn cháº¥t lÆ°á»£ng toáº£ hÆ°Æ¡ng vÃ  lÆ°u mÃ¹i ráº¥t kÃ©m, nÃªn láº§n nÃ y báº¥m bá»¥ng mua sáº£n pháº¨m nÃ y. Tháº­t sá»± giÃ¡ thÃ nh Ä‘i kÃ¨m cháº¥t lÆ°á»£ng, mÃ¹i thÆ¡m nháº¹ vÃ  cÃ³ thá»ƒ Ä‘iá»u chá»‰nh toáº£ hÆ°Æ¡ng, ráº¥t thÃ­ch mÃ¹i tÃ¡o quáº¿ nÃ y! ",0
ThÆ¡m - Dá»… chá»‹u. KhÃ´ng bá»‹ ngá»t gáº¯t,0
"HÃ ng chÃ­nh hÃ£ng, mÃ¹i thÆ¡m dá»… chá»‹u, giao hÃ ng nhanh",0
Sáº£n pháº©m ráº¥t tá»‘t ! MÃ¹i thÆ¡m dá»… chá»‹u !,0
MÃ¹i nÃ y xÃ i Ä‘Æ°á»£c. ÄÃ¡ng mua mÃ¬n xÃ i tháº¥y thÃ­ch. MÃ  máº¯c quÃ¡,0
QuÃ¡ á»•n,0
mÃ¹i thÆ¡m  lÃ¢u vÃ  dá»… chá»‹u,0
mÃ¹i thÆ¡m dá»… chá»‹u,0
thÆ¡m nhÆ°ng hÆ¡i nhá»,0
HÃ i lÃ²ng,0
HÃ ng chuáº©n,0
GiÃ¡ hÆ¡i cao,0
gio hÃ ng nhanh,0
"ráº¥t thÃ­ch, mÃ¹i nháº¹ nhÃ ng mÃ  sang.",0
Sáº£n pháº©m ok,0
ok,0
Ok,0
Ok,0
.,0
MÃ¹i khÃ¡ gáº¯t,0
"Äáº·t hÃ ng nhÆ° váº­y cÃ³ hoÃ¡ Ä‘Æ¡n hÃ ng nhÆ° váº­y mÃ  giao nhÆ° váº§y, giá» sao ta. Gáº·p mÃ¬nh Ä‘ang cai cafe ná»¯a.",1
HÆ°Æ¡ng liá»‡u quÃ¡ nhiá»u máº·c dÃ¹ Ä‘Ã£ má»Ÿ má»©c nhá» nháº¥t,1
thÆ¡m dc má»—i hÃ´m Ä‘áº§u rá»“i háº¿t mÃ¹i,1
"cháº¥t Ä‘áº¹p ,váº£i má»‹n ,co dÃ£n tá»‘t 
giá»‘ng áº£nh máº«u",0
sáº£n pháº©m tá»‘t,0
Váº£i ok,0
váº£i dÃ y,0
Quáº§n ok,0
hÃ ng ok áº¡,0
Ok,0
sp cháº¥t lÆ°á»£ng,0
Táº¡m Ä‘Æ°á»£c. Ráº» há»£p giÃ¡ tiá»n nhÆ°ng cháº¥t váº£i mÃ¬nh khÃ´ng thÃ­ch. Máº·c chÆ¡i chÆ¡i ok cáº£m Æ¡n shop. Tiki giao hÃ ng nhanh láº¯m. á»¦ng há»™ Tiki,0
"Form ko á»•n láº¯m, cháº¥t liá»‡u táº¡m Ä‘x, hÆ¡i ngáº¯n",0
ráº¥t Ä‘áº¹p. máº·c ráº¥t thoáº£i mÃ¡i,1
giao hang nhanh ğŸ˜ŒğŸ˜ŒğŸ˜ŒğŸ˜ŒğŸ˜ŒğŸ˜ŒğŸ˜ŒğŸ˜ŒğŸ˜ŒğŸ˜ŒğŸ˜ŒğŸ˜ŒğŸ˜ŒğŸ˜ŒğŸ˜ŒğŸ˜Œ,2
"Cháº¥t liá»‡u váº£i ok, nháº­n hÃ ng nhÆ° hÃ¬nh áº£nh",2
cá»§ng Ä‘c chá»© kg Ä‘áº¹p láº¯m.tiá»n nÃ o cá»§a áº¥y,2
sáº£n pháº©m máº·c cÅ©ng ok. Dá»‹ch vá»¥ giao hÃ ng á»•n^^,2
Táº¡ ráº¥t Ä‘áº¹p. Cáº§m cháº¯c tay :),0
Táº¡ Ä‘áº¹p cáº§m gá»n tay ok Ä‘áº¥y,0
"Sáº£n pháº©m cháº¥t lÆ°á»£ng cao. ÄÃºng theo quáº£ng cÃ¡o. Táº­p ráº¥t vá»«a tay, vá»«a sá»©c. Gá»n nháº¹.",0
Sáº£n pháº©m ráº¥t cháº¯c vÃ  Ãªm tay,0
Good price and quality,0
"Cháº¯c cháº¯n, Ä‘á»™ bÃ¡m tÃ´t",0
Sáº£n pháº©m Ä‘Ãºng nhÆ° mong Ä‘á»£i,0
"Sáº£n pháº©m tá»‘t, nÃªn mua !!",0
"Giao hÃ ng nhanh, sáº£n pháº©m nhÆ° hÃ¬nh",0
tá»‘t,0
ÄÃ³ng gÃ³i tá»‘t. Ráº¥t hÃ i lÃ²ng,0
"Giao hÃ ng trc háº¹n 2 ngÃ y.Ä‘Ã³ng gÃ³i cáº©n tháº­n,sáº£n pháº©m nhÆ° hÃ¬nh",0
"CÅ©ng Ä‘c, nhÃ¬n Ä‘áº¹p, cháº¯c cháº¯n",0
"táº¡ bÃ¡m tay, bÃ¡m sÃ n Ä‘áº·t xuá»‘ng ko lÄƒn. ráº¥t tá»‘t.",0
"táº¡ Ä‘áº¹p, giÃ¡ ráº», váº­n chuyá»ƒn miá»…n phÃ­, ráº¥t hÃ i lÃ²ng.",0
"Äáº¹p, vá» bá»c má»m, cáº§m vá»«a tay",0
Táº­p má»—i ngÃ y vÃ  ráº¥t hÃ i lÃ²ng,0
"HÃ ng trÃ´ng nhÆ° hÃ¬nh,khÃ¡ ok",0
"SaÌ‰n phÃ¢Ì‰m giÃ´Ìng hiÌ€nh, Ä‘oÌng goÌi chÄƒÌc chÄƒÌn, giao haÌ€ng nhanh. NhÆ°ng thÆ° caÌ‰m Æ¡n ko giÆ°Ìƒ giÌ€n Ä‘Æ°Æ¡Ì£c sÆ°Ì£ trong saÌng cuÌ‰a tiÃªÌng ViÃªÌ£t nÃªn cho 2* thÃ´i.",0
giÃ¡ ráº» nÃ³i chung nhÃ¬n cÅ©ng Ä‘Æ°á»£c. sÃ i ok,0
"ThÃ´i thÃ¬ cho 4* vÃ¬ Ä‘Ã³ng gÃ³i kÃ©m, Ä‘Ã³ng gÃ³i 2 táº¡ khÃ´ng ngÄƒn cÃ¡ch bá»Ÿi 1 lá»›p xá»‘p lÃ m rÃ¡ch miáº¿ng bá»c bÃªn ngoÃ i táº¡.",0
HÃ i lÃ²ng,0
"Giao hÃ ng bá»‹ tráº§y rÃ¡ch.
Äá» nghi Tiki yÃªu cáº§u NCC Ä‘á»•i hÃ ng má»›i giÃºp.",1
fast delivery but defective product...the store should check the product before sending it.,1
Sáº£n pháº©m kÃ©m cháº¥t lÆ°á»£ng.  HÃ ng khÃ´ng cÃ²n nguyÃªn váº¹n,1
giao hÃ ng bá»‹ lá»—i. RÃ¡ch bao. xung quanh bá»‹ tráº§y. cháº¥t lÆ°á»£ng hÃ ng khÃ´ng tá»‘t.,1
Ccxkxnxjxnsbsbbsbsb ncndndnd,1
tá»a gá»­i ra bá»‹ bÃ³c vá» nhá»«a ra háº¿t pháº£i mua vá» khÃ¡c thay,1
fast delivery but defective product...the store should check the product before sending it.,2
Ccxkxnxjxnsbsbbsbsb ncndndnd,2
tá»a gá»­i ra bá»‹ bÃ³c vá» nhá»«a ra háº¿t pháº£i mua vá» khÃ¡c thay,2
"Giao haÌ€ng quaÌ nhanh, chÃ¢Ìt lÆ°Æ¡Ì£ng chÆ°a biÃªÌt thÃªÌ naÌ€o nhÆ°ng saÌ‰n phÃ¢Ì‰m giaÌ reÌ‰ maÌ€ Ä‘Æ°Æ¡Ì£c Ä‘oÌng goÌi cÃ¢Ì‰n thÃ¢Ì£n, hÃ´Ì£p xiÌ£n Ä‘Ã¢Ì€y Ä‘uÌ‰ thÃ´ng tin, nhÃ¢Ì£n haÌ€ng bÃ¢Ìt ngÆ¡Ì€. 5* chÄƒÌc chÄƒÌn seÌƒ mua thÃªm quÃ¢Ì€n vaÌ€ nhiÃªÌ€u saÌ‰n phÃ¢Ì‰m khaÌc cuÌ‰a shop, . caÌ‰m Æ¡n shop nha ",0
"Sáº£n pháº©m Ä‘áº¹p, cháº¥t lÆ°á»£ng, mÃ u sáº¯c nhu vÃ  ráº¥t dá»… mang. Cháº¥t liá»‡u phÃ¹ há»£p vá»›i giÃ¡ tiá»n. Nhá» tiki now mÃ  hÃ ng Ä‘Æ°á»£c giao nhanh nhÆ° má»™t cÆ¡n giÃ³!",0
"CÆ°Ì£c kiÌ€ haÌ€i loÌ€ng vÆ¡i saÌ‰n phÃ¢Ì‰m naÌ€y, quÃ¢Ì€n mÄƒÌ£c nhaÌ€ rÃ¢Ìt thoaÌ‰i maÌi , chÃ¢Ìt cotton maÌt meÌ‰. tuy maÌ€u sÄƒÌc khÃ´ng Ä‘Æ°Æ¡Ì£c choÌ£n nhÆ°ng cuÌƒng rÃ¢Ìt haÌ€i loÌ€ng, 5* tuyÃªÌ£t vÆ¡Ì€i",0
"ÄÃ³ng gÃ³i Ä‘áº¹p. Váº£i má»m, mÃ u sáº¯c Ä‘áº¹p, máº·c vá»«a vÄƒn, nhÆ°ng cÃ³ láº» hÆ¡i nÃ³ng",0
"MÃ¬nh mua 6 em. 4 em Ä‘áº¡t 10d, 2 em Ä‘áº¡t 8d. 1 em hy vá»ng ok, do cháº¥t liá»‡u ko thÃ­ch láº¯m. cÃ¡i trong hÃ¬nh váº£i siÃªu má»m, ráº¥t á»•n

chá»§ shop ráº¥t nhiá»‡t tÃ¬nh! pháº£n há»“i nhanh. 5* cho shop",0
"Giao hÃ ng nhanh chÃ³ng, Ä‘Ã³ng gÃ³i ráº¥t kÄ© lÆ°á»¡ng

Cháº¥t liá»‡u mÃ¡t máº», má»m, thÃ­ch há»£p cho nhá»¯ng mÃ¹a oi bá»©c",0
"nháº­n Ä‘c hÃ ng máº¥y bá»¯a rá»“i nhÆ°ng giá» má»›i cÃ³ tg Ä‘Ã¡nh giÃ¡ sáº£n pháº©m: hÃ ng váº£i Ä‘áº¹p, á»•n so vá»›i giÃ¡ tiá»n, giao hÃ ng nhanh, shipper nhiá»‡t tÃ¬nh",0
Sáº£n pháº©m tá»‘t. ÄÃºng nhÆ° giá»›i thiá»‡u,0
Váº£i nhÄƒn. Máº·c hÆ¡i nÃ³ng.,0
quáº§n hÆ¡i má»ng nhÆ°ng máº·c á»Ÿ nhÃ  cÅ©ng á»•n. giao hÃ ng nhanh,0
"ÄoÌng goÌi giÌ€ maÌ€ siÌ£n soÌ€ quaÌ shop, maÌ€u quÃ¢Ì€n ngÃ¢Ìƒu nhiÃªn nhÆ°ng cuÌƒng rÃ¢Ìt hÆ¡Ì£p yÌ miÌ€nh, chÃ¢Ìt lÆ°Æ¡Ì£ng tÃ´Ìt maÌ€ giaÌ cuÌƒng hÆ¡Ì£p liÌ, chÄƒÌc chÄƒÌn seÌƒ uÌ‰ng hÃ´Ì£ lÃ¢Ì€n tÆ¡Ìi.",0
"ÄÃºng lÃ  hÆ¡i má»ng. NhÆ°ng máº·c thoáº£i mÃ¡i, dá»… ngá»§",0
"Ráº¥t Æ°ng Ã½, Ä‘áº¹p vÃ  giÃ¡ cÅ©ng há»£p lÃ½",0
"Váº£i má»m, mÃ¬nh ko Ä‘á»ƒ Ã½ size nÃªn Ä‘áº·t nháº§m, Ck mÃ¬nh ko dÃ¹ng Ä‘Æ°á»£c nhÆ°ng mÃ¬nh máº·c vá»«a vÃ  thoáº£i mÃ¡i",0
"ChÃ¢Ìt lÆ°Æ¡Ì£ng tÃ´Ìt, mÄƒÌ£c ok lÄƒÌm, 2 chiÃªÌc quÃ¢Ì€n maÌ€ Ä‘oÌng hÃ´Ì£p cÃ¢Ì‰n thÃ¢Ì£n. seÌƒ uÌ‰ng hÃ´Ì£ thÃªm lÃ¢Ì€n tÆ¡Ìi,.",0
"Quáº§n máº·c mÃ¡t , may Ä‘Æ¡n giáº£n dá»… sá»­ dá»¥ng ok",0
"ÄoÌng goÌi Ä‘eÌ£p , hÃ´Ì£p liÌ£ch sÆ°Ì£ lÄƒÌm, giaÌ reÌ‰, caÌ‰m quan tÃ´Ìt,  chÆ°a mÄƒÌ£c thÆ°Ì‰ chÆ°a biÃªÌt",0
"Thiáº¿u tÃºi,váº£i hÆ¡i má»ng",0
"hÃ ng Ä‘áº¹p, giao nhanh. Ä‘Ãºng lÃ  váº£i cotton 100%. 50k má»™t cÃ¡i, Ä‘áº¯t gáº¥p Ä‘Ã´i cÃ¡i váº£i cÃ³ pha nhiá»u ni lÃ´ng (25k).  good quality.",0
"Giao Ä‘uÌng size, mÄƒÌ£c thoaÌ‰i maÌi. maÌ€u sÄƒÌc giÃ´Ìng 80 % trÃªn aÌ‰nh, cÆ¡ baÌ‰n coÌ tÃ´Ìi coÌ saÌng, chÃ¢Ìt lÆ°Æ¡Ì£ng tÃ´Ìt, haÌ€i loÌ€ng so vÆ¡Ìi giaÌ tiÃªÌ€n.",0
"GiaÌ reÌ‰ , chÃ¢Ìt lÆ°Æ¡Ì£ng tÃ´Ìt, co giaÌƒn ko tÃ´Ìt lÄƒÌm nhÆ°ng mÄƒÌ£c vÃ¢Ìƒn thoaÌ‰i maÌi, duÌ€ giÌ€ giaÌ naÌ€y cuÌƒng khÃ´ng thÃªÌ‰ hoaÌ€n haÌ‰o 100% Ä‘Æ°Æ¡Ì£c. 5*",0
"MÄƒÌ£c thoaÌ‰i maÌi lÄƒÌm shop, quÃ¢Ì€n tÃ´Ìt - giaÌ reÌ‰. laÌ£i laÌ€ haÌ€ng chiÌnh haÌƒng",0
Giao hÃ ng nhanh. ÄÃ³ng gÃ³i Ä‘áº¹p. Quáº§n ok,0
"Váº£i siÃªu mÃ¡t, máº·c mÃ¹a hÃ¨ há»£p lÃ½",0
Ok,0
"vá»«a váº·n, má»ng nháº¹, thoáº£i mÃ¡i khi máº·c á»Ÿ nhÃ ",0
"HÃ ng Ä‘áº¹p, Ä‘Ãºng hÃ¬nh áº£nh cháº¥t lÆ°á»£ng áº¡. Cáº£m Æ¡n shop , láº§n sau sáº½ á»§ng há»™ dÃ i dÃ i",0
Cháº¥t váº£i Ä‘áº¹p nhÆ°ng chá»n nhÃ m size nÃªn pháº£i mua láº¡i,0
thanks,0
Quáº§n Ä‘áº¹p váº£i tá»‘t tttttttttttttttttt,0
"ChÃ¢Ìt lÆ°Æ¡Ì£ng tÃ´Ìt, giaÌ reÌ‰ nhÆ°ng giao haÌ€ng hÆ¡i trÃªÌƒ do aÌ‰nh hÆ°Æ¡Ì‰ng diÌ£ch- mong diÌ£ch bÃªÌ£nh qua nhanh :(",0
tá»‘t váº£i mÃ¡t máº». Ä‘Æ°á»ng chá»‰ may ráº¥t cháº¯c. ráº¥t hÃ i lÃ²ng vá» sáº£n pháº©m cá»§a shop,0
Máº·cbok nhÃ©,0
cháº¥t lÆ°á»£ng tá»‘t,0
hang tot nhung ma ngan qua.co cai nao dai hon khong? neu co cho toi hay mua them hai cai khac,0
"Sáº£n pháº©m khÃ´ng Ä‘Ãºng hÃ¬nh áº£nh quáº£ng cÃ¡o. TrÃªn hÃ¬nh thÃ¬ shop che logo thÆ°Æ¡ng hiá»‡u. Khi nháº­n hÃ ng thÃ¬ tháº¥y rÃµ logo cty ngÆ°á»i ta! NÃªn xem xÃ©t vÃ  tÃ¬m hiá»ƒu ká»¹ trÆ°á»›c khi mua. 
ÄÃ¢y lÃ  cáº£m nháº­n thá»±c táº¿ cá»§a tÃ´i khi mua vÃ  sá»­ dá»¥ng sáº£n pháº©m. KhÃ´ng ai tráº£ tiá»n cho tÃ´i vá» nhá»¯ng Ä‘iá»u nÃ y! ",1
"Thun quáº§n thÃ¬ má»ng dÃ­nh, lá»¡ kÃ©o máº¡nh cÃ¡i cháº¯c Ä‘á»©t Ä‘Ã´i luÃ´n. MÃ u ngáº«u nhiá»…n xong cho luÃ´n quáº£ quáº§n sá»c tÃ­m hoa cÃ  má»™ng mer... cáº¡n lá»i tháº­t sá»±. Thá»±c sá»± khÃ´ng hÃ¬nh dung ná»•i thiáº¿t káº¿ kiá»ƒu gÃ¬ Ä‘Ãª ra cÃ¡i quáº§n tÃ­m hoa cÃ  nÃ y luÃ´n. Äá»ƒ phá»©c mÃ u tráº¯ng luÃ´n giÃ¹m, phang cho cÃ¡i mÃ u nhÆ° miáº¿ng giáº» lau lÃ m gÃ¬ váº­y? ",1
Quáº§n cháº¥t khÃ¡ tá»‘t. Ä‘g may cháº¯c cháº¯n. MÃ u quáº§n k há» trÃ¹ng vá»›i mÃ u quáº£ng cÃ¡o. tá»‡ tháº­t. mÃ u thÃ¬ khÃ´ng Ä‘Æ°á»£c Ä‘áº¹p. mÃ¬nh Ä‘c giao Ä‘Ãºng mÃ u xanh nháº¡t(trÃ´ng khÃ´ng nam tÃ­nh) vÃ  mÃ u Ä‘áº­m(trÃ´ng nhÆ° quáº§n Ã´ng giÃ ),1
Quáº§n váº«n cÃ²n nguyÃªn logo may10. MÃ¬nh cho 1 sao vÃ¬ sá»± khÃ´ng minh báº¡ch nÃ y.,1
QuÃ¡ tá»‡. Sáº£n pháº©m lÃ  hÃ ng giáº£,1
Cháº¥t liá»‡u bÃ¬nh thÆ°á»ng. Váº£i quÃ¡ má»ng.,1
"váº£i ráº¥t má»ng, Ä‘Æ°á»ng chá»‰ may áº©u, khÃ´ng dÃ¡m máº·c luÃ´n",1
"TÃ´i mua 4 cÃ¡i, giao quáº§n hiá»‡u May10, gÃ³i trong bá»c sÆ¡ sÃ i, quÃ¡ tá»‡",1
"Quáº§n nÃ y lÃ  cá»§a bÃªn May 10, bÃªn Ä‘Ã³ Ä‘ang bÃ¡n combo 5 cÃ¡i chá»‰ cÃ³ 110-120k. 
Qua bÃªn nÃ y bÃ¡n combo 2 cÃ¡i ngang giÃ¡ :))",1
"HÃ ng nÃ y máº·c ok nhÆ°ng nÃ³i tháº­t Ä‘á»«ng buá»“n shop, hÃ ng nÃ y lÃ  hÃ ng May 10 shop Ä‘ang bÃ¡n cÃ³ 125k 5 cÃ¡i , shop bÃ¡n quÃ¡ Ä‘áº¯t 50k cÃ¡i. Tháº­t sá»± tháº¥t vá»ng",1
"Trong 2 quáº§n thÃ¬ 1 quáº§n cháº¥t lÆ°á»£ng tá»‘t, nhÆ°ng 1 quáº§n thÃ¬ cháº¥t lÆ°á»£ng váº£i thá»±c sá»± xáº¥u. NÃ³i lÃ  90% cotton nhÆ°ng váº£i thÃ¬ nhÆ° táº¥m báº¡t.",1
"Ä‘áº·t size M - nhÆ°ng app láº¡i chá»n size S, khÃ´ng Ä‘á»ƒ Ã½ nÃªn cháº¥p thuáº­n. quáº§n máº·c hÆ¡i cháº­t",1
"hÃ¬nh 1 kiá»ƒu hÃ ng nháº­n 1 kiá»ƒu, k giá»‘ng xÃ­u nÃ o. nhÆ° cá»§a máº¥y Ã´ng giÃ  mÃ  thá»i xÆ°a z.",1
"Cháº¥t lÆ°á»£ng váº£i tá»‡, ráº¥t má»ng",1
máº«u khÃ¡c so vá»›i trÃªn hÃ¬nh mua 4 cÃ¡i dÃ¹ng Ä‘c 2 cÃ¡i.2 cÃ¡i cÃ²n láº¡i quÃ¡ nhá»,1
hÃ ng cá»§a may10 giÃ¡ 25k Ä‘Ã³ng nhÃ£n jamano bÃ¡n giÃ¡ 59k,1
"Sau khi giáº·t láº§n Ä‘áº§u váº£i nhÃ u quÃ¡ , á»§i khÃ³ tháº³ng, quáº§n hÆ¡i ngáº¯n.",1
"Size XL mÃ  quÃ¡ nhá», khÃ´ng máº·c Ä‘Æ°á»£c",1
xáº¥u quÃ¡ khÃ´ng tÃºi sao bá» Ä‘á»“. lá»«a Ä‘áº£o quÃ¡,1
Quáº§n má»ng manh quÃ¡ khÃ´ng hÃ i lÃ²ng,1
giÃ¡ cao so vá»›i cháº¥t lÆ°á»£ng,1
"Cháº¥t lÆ°á»£ng váº£i kÃ©m, váº£i cá»©ng.",1
máº«u khÃ¡c trÃªn hÃ¬nh mÃ u tháº¥y ghÃª quÃ¡,1
"Váº£i má»ng, ngáº¯n, giáº·t xong váº£i bá»‹ rÃºt",1
size tÆ° váº¥n theo mÃ´ táº£ khÃ´ng chÃ­nh xÃ¡c,1
"váº£i máº·c nÃ³ng, ko nhÆ° quáº£ng cÃ¡o",1
"Giao haÌ€ng quaÌ nhanh, chÃ¢Ìt lÆ°Æ¡Ì£ng chÆ°a biÃªÌt thÃªÌ naÌ€o nhÆ°ng saÌ‰n phÃ¢Ì‰m giaÌ reÌ‰ maÌ€ Ä‘Æ°Æ¡Ì£c Ä‘oÌng goÌi cÃ¢Ì‰n thÃ¢Ì£n, hÃ´Ì£p xiÌ£n Ä‘Ã¢Ì€y Ä‘uÌ‰ thÃ´ng tin, nhÃ¢Ì£n haÌ€ng bÃ¢Ìt ngÆ¡Ì€. 5* chÄƒÌc chÄƒÌn seÌƒ mua thÃªm quÃ¢Ì€n vaÌ€ nhiÃªÌ€u saÌ‰n phÃ¢Ì‰m khaÌc cuÌ‰a shop, . caÌ‰m Æ¡n shop nha ",2
"Sáº£n pháº©m Ä‘áº¹p, cháº¥t lÆ°á»£ng, mÃ u sáº¯c nhu vÃ  ráº¥t dá»… mang. Cháº¥t liá»‡u phÃ¹ há»£p vá»›i giÃ¡ tiá»n. Nhá» tiki now mÃ  hÃ ng Ä‘Æ°á»£c giao nhanh nhÆ° má»™t cÆ¡n giÃ³!",2
"CÆ°Ì£c kiÌ€ haÌ€i loÌ€ng vÆ¡i saÌ‰n phÃ¢Ì‰m naÌ€y, quÃ¢Ì€n mÄƒÌ£c nhaÌ€ rÃ¢Ìt thoaÌ‰i maÌi , chÃ¢Ìt cotton maÌt meÌ‰. tuy maÌ€u sÄƒÌc khÃ´ng Ä‘Æ°Æ¡Ì£c choÌ£n nhÆ°ng cuÌƒng rÃ¢Ìt haÌ€i loÌ€ng, 5* tuyÃªÌ£t vÆ¡Ì€i",2
"ÄÃ³ng gÃ³i Ä‘áº¹p. Váº£i má»m, mÃ u sáº¯c Ä‘áº¹p, máº·c vá»«a vÄƒn, nhÆ°ng cÃ³ láº» hÆ¡i nÃ³ng",2
"MÃ¬nh mua 6 em. 4 em Ä‘áº¡t 10d, 2 em Ä‘áº¡t 8d. 1 em hy vá»ng ok, do cháº¥t liá»‡u ko thÃ­ch láº¯m. cÃ¡i trong hÃ¬nh váº£i siÃªu má»m, ráº¥t á»•n

chá»§ shop ráº¥t nhiá»‡t tÃ¬nh! pháº£n há»“i nhanh. 5* cho shop",2
"Äáº·t size L giao size S , chat shop ko tráº£ lá»i",2
HÆ¡i nhá» dÃ¹ Ä‘Ã£ mua size lá»›n,2
"giao hÃ ng nhanh, sáº£n Ä‘Ãºng nhÆ° giá»›i thiá»‡u.",2
quáº§n giao mÃ u tráº¯ng.2 mÃ u quÃ¡ sÃ¡ng.ko dc lá»±a chá»n.,2
Cháº¥t ko tá»‘t nhÆ° quáº£ng cÃ¡o,2
"Giao hÃ ng nhanh sá»›m hÆ¡n 1 ngÃ y. Sáº£n pháº©m cháº¥t lÆ°á»£ng má»m máº¡i, Ä‘Ã£ máº·c thá»­ 1 chÃºt ráº¥t Ãªm vÃ  ráº¥t dá»… chá»‹u. ÄÆ°á»ng may chuáº©n vÃ  Ä‘áº¹p. Shop tÆ° váº¥n tá»‘t. Sáº½ á»§ng há»™ thÃªm láº§n sau.",0
Giao hÃ ng nhanh hÃ ng Ä‘Ã³ng gÃ³i cáº©n tháº­n. Quáº§n váº£i oke,0
"Váº£i má»m , tá»‘t, Ä‘Ã£ mua 2 ká»³ trc , xá»©ng vá»›i giÃ¡ Ä‘Ã£ mua",0
NÃ³i chung quáº§n máº·c tá»‘t nha má»i ngÆ°á»i. PhÃ¹ há»£p vá»›i giÃ¡ tiá»n nÃªn khÃ´ng thá»ƒ Ä‘Ã²i há»i gÃ¬ thÃªm. Do quáº§n lÃ³t nÃªn khÃ´ng tiá»‡n chá»¥p láº¯m nÃªn áº£nh tham kháº£o thÃ´i,0
"Quáº§n Ä‘Ã¡ng mua nhÃ© cáº£ nhÃ . Má»m , má»‹n, quáº§n Ä‘áº¹p láº¯m . Mua cho ck mÃ  Æ°ng bá»¥ng gÃ¬ Ä‘Ã¢u. Giao hÃ ng nhanh  nay Ä‘áº·t mai Ä‘Ã£ nháº­n Ä‘c rá»“i.",0
"Kiá»ƒu dÃ¡ng Ä‘áº¹p, cháº¥t liá»‡u váº£i má»m thoÃ¡ng táº¡o cáº£m giÃ¡c dá»… chá»‹u. SP máº·c khÃ¡ vá»«a váº·n, náº¿u ai thÃ­ch rá»™ng cÃ³ thá»ƒ tÄƒng thÃªm 1 size",0
"ÄÃ£ nháº­n hÃ ng, chuáº©n thÆ°Æ¡ng hiá»‡u cá»§a viá»‡t nam, cháº¥t lÆ°á»£ng á»•n so vá»›i giÃ¡ tiá»n, váº£i thun sá» má»m máº¡i, thiáº¿t káº¿ Ä‘Æ¡n giáº£n nhÆ°ng cháº¥t liá»‡u váº£i ok, chun co giÃ£n kÃ©o ra kÃ©o vÃ o Ä‘Ã n há»“i, máº·c thoáº£i mÃ¡i. 5* shop uy tÃ­n, giao hÃ ng cÅ©ng ráº¥t nhanh vÃ  thÃ¢n thiá»‡n, dá»‹ch vá»¥ cá»§a tiki Ä‘Ã£ tá»‘t lÃªn ráº¥t nhiá»u vÃ¬ mÃ¬nh chuyÃªn mua hÃ ng trÃªn tiki. ",0
Ä‘eÌ£p. hiÌ€nh minh hoÌ£a Ä‘ÃªÌ‰ nhÃ¢Ì£n xu,0
chÆ°a thá»­ nhÆ°ng ráº¥t tin tÆ°á»Ÿng cháº¥t lÆ°á»£ng cá»§a shop.. Ä‘Ã£ tá»«ng thá»­ loáº¡i quáº§n khÃ¡c vÃ  khÃ¡ hÃ i lÃ²ng,0
Giao hÃ ng nhanh.ÄÃ³ng gÃ³i táº¡m á»•n.sáº£n pháº©m cháº¥t lÆ°á»£ng á»•n,0
"HÃ ng máº·c thoáº£i mÃ¡i,nÃªn chá»n kÃ­ch thÆ°á»›c lá»›n hÆ¡n 1 size.",0
"quáº§n Ä‘áº¹p, máº·c vá»«a váº·n, cháº¥t co dÃ£n, tháº¥m hÃºt má»“ hÃ´i",0
"Size chuáº©n , máº·c Ã´m vá»«a váº·n mÃ  láº¡i ráº¥t thoáº£i mÃ¡i , mÃ¬nh lÃ  ngÆ°á»i ráº¥t kÄ© tÃ­nh nÃªn ai Ä‘á»c Ä‘Æ°á»£c cáº£m nháº­n nÃ y ko pháº£i lÄƒn tÄƒn , vá»¥t luÃ´n nhÃ© !",0
MÃ¬nh tin dÃ¹ng sáº£n pháº©m nÃªn Ä‘Ã£ Ä‘áº·t mua nhiá»u láº§n. Thanks shop,0
"MÃ¹a dá»‹ch mÃ  Tiki giao hÃ ng ráº¥t nhanh, sá»›m hÆ¡n cáº£ lá»‹ch háº¹n. ÄÃ³ng gÃ³i cáº©n tháº­n.
Dá»‹ch vá»¥ Tiki xá»©ng Ä‘Ã¡ng 5 sao.
Sáº£n pháº©m cháº¥t lÆ°á»£ng á»•n, cháº¥t váº£i tá»‘t!",0
Ä‘Ã³ng gÃ³i ká»¹ tá»‘t,0
"ok, Ã´ng xÃ£ ráº¥t hÃ i lÃ²ng. Váº£i cÅ©ng má»m má»‹n nhÆ°ng khÃ´ng Ä‘Æ°á»£c má»m nhÆ° nhung nhÆ° mÃ¬nh nghÄ©. nhÆ°ng váº«n cháº¥t lÆ°á»£ng hÆ¡n so vá»›i giÃ¡ sale nha cÃ¡c báº¡n. nÃªn mua.",0
"váº£i má»ng, nháº¹, thoÃ¡ng mÃ¡t, Ãªm  10 Ä‘iá»ƒm,  khi ngá»§ váº«n máº·c Ä‘Æ°Æ¡c, cá»±c kÃ¬ hÃ i lÃ²ng,",0
"Ráº¥t xá»‹n nhÃ©, váº£i má»‹n, cÅ©ng khÃ¡ mÃ¡t, Ä‘Ã³ng gÃ³i nhÃ¬n á»•n Ã¡p, sáº½ á»§ng há»™ láº¡i",0
"máº·t thoáº£i mÃ¡i, mÃ¡t máº», giao hÃ ng ráº¥t nhanh vÃ  Ä‘Ã³ng gÃ³i ráº¥t cáº©n tháº­n.",0
"Kiá»ƒu dÃ¡ng Ä‘áº¹p, cháº¥t váº£i má»m vÃ  mÃ¡t",0
DÃ¹ng ok,0
"HÃ ng má»m , má»ng .",0
HÃ ng tá»‘t. Ck mÃ¬nh ráº¥t thÃ­ch . ğŸ‘ğŸ‘ğŸ‘ğŸ‘ğŸ‘ğŸ‘ğŸ˜ŠğŸ˜ŠğŸ˜ŠğŸ˜ŠğŸ˜ŠğŸ˜ŠğŸ˜ŠğŸ‘ğŸ‘ğŸ‘ğŸ‘ğŸ‘ğŸ‘ğŸ‘ğŸ‘ğŸ‘,0
"MÃ¬nh hay mua hÃ ng trÃªn máº¡ng nÃªn ráº¥t cáº©n tháº­n, tÃ¬m hiá»ƒu kÄ© má»›i dÃ¡m mua. Äáº·t cho Ã´ng xÃ£ 4 chiáº¿c quáº§n XXL xem sao thÃ¬ nháº­n hÃ ng mÃ¬nh tháº¥y cháº¥t lÆ°á»£ng ráº¥t tá»‘t, giÃ¡ combo 4 chiáº¿c tÃ­nh ra cÅ©ng ráº» so vá»›i cháº¥t lÆ°á»£ng, váº£i má»m, co dÃ£n tá»‘t, dá»… máº·c. HÃ i lÃ²ng ",0
KhÃ´ng pháº£i ngÆ°á»i dÃ¹ng nÃªn khÃ´ng cáº£m nháº­n Ä‘Æ°á»£c vá» sáº£n pháº©m nhÆ°ng váº«n cho 5 sao vÃ¬ Tiki,0
"ÄÃ³ng gÃ³i cáº©n tháº­n. Cháº¥t váº£i vá»«a pháº£i, phÃ¹ há»£p giÃ¡ tiá»n",0
"HÃ i lÃ²ng, cháº¥t lÆ°á»£ng á»•n trong táº§m giÃ¡ . sáº½ mua láº¡i trong tÆ°Æ¡ng lai, mong báº¡n ship gá»i Ä‘iá»‡n trÆ°á»›c khi giao Ä‘á»ƒ chá»§ Ä‘á»™ng láº¥y hÃ ng",0
"Mua láº§n 3, cháº¥t lÆ°á»£ng khá»i bÃ n, Ä‘áº·t hÃ ng cÃ³ luÃ´n giao hÃ ng trong ngÃ y láº¡i cÃ²n miá»…n phÃ­ ship, mua á»Ÿ tiki váº«n lÃ  tuyá»‡t vá»i nháº¥t",0
SP ráº¥t tá»‘t. Váº£i thoÃ¡ng mÃ¡t. Size thÃ¬ hÆ¡i nhá» so vá»›i báº£ng kÃ­ch cá»¡ nÃªn cÃ¢n nháº¯c khi chá»n size.,0
Quan máº·c ráº¥t thoáº£i mÃ¡i mn nÃªn mua,0
"hÃ ng chÃ­nh hÃ£ng, giÃ¡ tá»‘t. hÃ¬nh mang tÃ­nh cháº¥t nháº­n xu",0
"sáº£n pháº©m tá»‘t, máº·c thoáº£i mÃ¡i, Ä‘Ã£ mua combo 3, giá» mua thÃªm combo 4.",0
Kiá»ƒu dÃ¡ng Ä‘áº¹p. Cháº¥t liá»‡u mÃ¡t,0
"Giao hÃ ng nhanh, Ä‘Ã³ng gÃ³i cáº©n tháº­n",0
"má»m, thoÃ¡ng, máº·c dá»… chá»‹u
Ä‘Ã¡ng Ä‘á»ƒ mua",0
"cháº¥t liá»‡u thoáº£i mÃ¡i, thoÃ¡ng mÃ¡t, co giÃ£n tá»‘t",0
"HÃ ng Ä‘áº¹p, cháº¥t lÆ°á»£ng. Tiáº¿p tá»¥c á»§ng há»™.",0
"Ä‘áº·t 4 chiáº¿c thay Ä‘á»•i. Máº·c khÃ¡ dá»… chá»‹u, thoáº£i mÃ¡i. Chun cáº¡p to nÃªn khÃ´ng bá»‹ láº±n nhÆ° sá»‹p giÃ¡ ráº», váº£i giáº·t tay hay mÃ¡y cÅ©ng khÃ´ng bá»‹ xÃ¹. KhÃ¡ hÃ i lÃ²ng vá» quáº§n cá»§a shop",0
"Giao siÃªu nhanh, cháº¥t lÆ°á»£ng tá»‘t- sáº£n pháº©m giá»‘ng mÃ´ táº£. mua Ä‘Æ°á»£c hÃ ng cháº¥t lÆ°á»£ng, giÃ¡ tá»‘t ráº¥t hÃ i lÃ²ng !.",0
"ÄÃ³ng gÃ³i cáº©n tháº­n
Váº£i quáº§n má»m, má»‹n, Ä‘Æ°á»ng may Ä‘áº¹p",0
Quáº§n váº£i Ä‘áº¹p. Hiáº¿m khi mua hÃ ng trÃªn máº¡ng mÃ  Ä‘Æ°á»£c Æ°ng Ã½ nhÆ° tháº¿  nÃ y. Sáº½ tiáº¿p tá»¥c á»§ng há»™ shop,0
Giao hÃ ng nhanh. ÄÃ³ng gÃ³i cáº©n tháº­n. HÃ ng ráº¥t hÃ i lÃ²ng,0
"Giao nhanh nhÆ° 1 cÆ¡n giÃ³ . 45phÃºt Ä‘Ã£ nháº­n dc hÃ ng, báº¡n giao hÃ ng vui váº» thÃ¢n thiá»‡n",0
"Kiá»ƒu dÃ¡ng Ä‘Æ¡n giáº£n nhÆ°ng dá»… máº·c, quan trá»ng cháº¥t lÆ°á»£ng ráº¥t tá»‘t, váº£i mÃ¡t máº·c khÃ´ng bÃ³ , khÃ´ng bÃ­ , ráº¥t dá»… chá»‹u. Giáº·t 2 3 láº§n cÅ©ng khÃ´ng bá»‹ phai mÃ u, hay bai dÃ£o. Ä‘Ã¡ng tiá»n mua. hÃ ng viá»‡t nam cháº¥t lÆ°á»£ng tá»‘t. ",0
"Máº·c ok, thoÃ¡ng mÃ¡t",0
"quáº§n váº£i linon, vá»£ mua vá», mÃ¬nh báº£o vá»£ mua pháº£i quáº§n Ä‘á»ƒu rá»“i vá»£ bá»±c quÃ¡ vá»©t thÃ¹ng rÃ¡c luÃ´n. quáº§n lÃ³t j xá»‘i nÆ°á»›c vÃ o trÃ´i nhÆ° tÃ u lÃ¡ chuá»‘i, cháº£ tháº¥m hÃºt tÃ­ nÃ o. Ko máº·c Ä‘c.",1
Giao sáº£n pháº©m khÃ´ng giá»‘ng nhÆ° quáº£ng cÃ¡o. Quáº£ng cÃ¡o lÃ  cháº¥t liá»‡u bamboo. Khi nháº­n hÃ ng lÃ  cotton xáº¥u cÃ²n thua hÃ ng chá»£ 10k má»™t cÃ¡i,1
pháº§n lÆ°ng vá»«a váº·n nhÆ°ng pháº§n Ä‘Ã¡y ko Ã´m lÃ m con kiu nÃ³ nhá»•ng lÃªn.,1
"quÃ¡ chÃ¡n, quÃ¡ xáº¥u. Ko thÃ­ch dÃ¹ng.",1
Tá»‡ vá»›i tÃ´i.  Cháº­t mÃ  kÃ©o cao cÅ©ng váº«n ko Ã´m sÃ¡t dc,1
Äá»•i tráº£ hÃ ng ko cÃ³ Ä‘c hhhhh,1
"quÃ¡ chÃ¡n, quÃ¡ xáº¥u. Ko thÃ­ch dÃ¹ng.",1
Tá»‡ vá»›i tÃ´i.  Cháº­t mÃ  kÃ©o cao cÅ©ng váº«n ko Ã´m sÃ¡t dc,1
"HÃ ng cháº­t, khÃ´ng thoáº£i mÃ¡i",1
Váº£i ko Ä‘áº¹p. Váº£i dá»… hÆ°. Ko dÃ£n,1
KhÃ´ng cho xem hÃ ng trÆ°á»›c khi nháº­n,1
khÃ´ng tá»‘t láº¯m dÃ¹ng 1 thÃ¡ng má»¥c rá»“i !!!,1
"HÃ ng giao Ä‘Ã£ bá»‹ bá»‘c bao bÃ¬, Ä‘á» nghá»‹ xem láº¡i",1
Äáº·t size L mÃ  giao XL ....,1
Äáº·t nháº§m size cÃ³ Ä‘á»•i láº¡i Ä‘c hk shop,1
MÃ¬nh mua 2xl sao chuyá»ƒn size m,1
Quáº§n co dÃ£n k tá»‘t.cháº¥t liá»‡u váº£i k xá»‹n.,2
CÃ¹ng 1 size nhÆ°ng cÃ³ cÃ¡i to cÃ¡i nhá». Máº·c cÅ©ng bÃ¬nh thÆ°á»ng ko nhÆ° quáº£ng cÃ¡o,2
Äá»•i tráº£ hÃ ng ko cÃ³ Ä‘c hhhhh,2
"HÃ ng cháº­t, khÃ´ng thoáº£i mÃ¡i",2
Váº£i ko Ä‘áº¹p. Váº£i dá»… hÆ°. Ko dÃ£n,2
"Chat luong het suc binh thuong, chi nhu hang ngoai cho",2
Ko cÃ³ tÃºi quáº§n. HÆ¡i ngáº¯n.,2
sao ná»¯a nay Ä‘áº·t mua hÃ ng cÆ°á»›c váº­n chuyá»ƒn 40.000 cao váº­y ad,2
"CÅ©ng táº¡m Ä‘Æ°á»£c, Ä‘Ã¡nh giÃ¡ 3â˜†",2
bÃ¬nh thÆ°á»ng,2
Táº¡m Ä‘Æ°á»£c,2
ok,2
"(*) ÄÃ¡nh giÃ¡ khÃ´ng tÃ­nh Ä‘iá»ƒm
Tá»‘t ghiooollmkllll OK OK vbjjkklll",2
"(*) ÄÃ¡nh giÃ¡ khÃ´ng tÃ­nh Ä‘iá»ƒm
Gá»­i hÃ ng khÃ´ng Ä‘Ãºng size. Mua cá»¡ LX nhÆ°ng gá»§i cá»¡ M",2
"Äáº·t sÃ¡t Táº¿t mÃ  Tiki Now giao siÃªu nhanh
MÃ¡y má»›i, dÃ¹ng tá»‘t, nhÆ°ng cÃ³ vÃ i Ä‘iá»ƒm chÆ°a Æ°ng: má»›i khui mÃ  á»‘ng kÃ­nh toÃ n bá»¥i lau khÃ´ng sáº¡ch, pháº§n má»m tá»± canh hÆ¡i lÃ¢u, YouTube tá»« IP lÃªn giáº­t hÃ¬nh quÃ¡...",0
"10 Ä‘iá»ƒm!!! Sáº£n pháº©m giao nhanh, hÃ¬nh áº£nh rÃµ nÃ©t, nÃ³i chung lÃ  Ä‘Ã¡ng mua nha mng. MÃ¬nh mua vá» coi marvel cho Ä‘Ã£ ğŸ¤©ğŸ¤©ğŸ¤©",0
"Lens tá»‘t chiáº¿u sÃ¡ng mÃ u lÃªn Ä‘áº¹p trong, mÃ¡y Ä‘áº§y Ä‘á»§ tÃ­nh nÄƒng nhÆ° Ä‘iá»‡n thoáº¡i android, chÃ¢n Ä‘áº¿ Ä‘á»§ dÃ¹ng. Vá»›i táº§m giÃ¡ nÃ y thÃ¬ ráº¥t xá»©ng Ä‘Ã¡ng Ä‘á»ƒ mua phá»¥c vá»¥ gia Ä‘Ã¬nh, giáº£i trÃ­ táº¡i gia.",0
"phiÃªn báº£n nÃ¢ng cáº¥p cÃ³ khÃ¡c quÃ¡ xá»‹n ,coi anime thÃ´i",0
"Ráº¥t okay, xÃ i tá»‘t trong táº§m giÃ¡",0
"HÃ¬nh áº£nh sáº¯c nÃ©t , Ã¢m thanh sá»‘ng Ä‘á»™ng",0
Ráº¥t sá»‹n. Ráº¥t hÃ i lÃ²ng. NÃªn mua . á»¦ng há»™ Shop â¤ï¸â¤ï¸â¤ï¸,0
"Äá»™ sÃ¡ng quÃ¡ tá»‘t, chiáº¿u lÃªn tÆ°á»ng mÃ u váº«n cá»© lÃ  ok, loa cÅ©ng to ná»¯a, láº¡i cÃ²n cÃ i sáºµn cÃ¡c app xem tv hay phim ráº¥t tiá»‡n. SiÃªu recommend nha mn !",0
"Ã‚m thanh mÃ u sáº¯c á»•n, sá»­ dá»¥ng cÅ©ng tÆ°Æ¡ng khÃ´ng phá»©c táº¡p láº¯m",0
"Tá»‘t nha, hÃ¬nh áº£nh rÃµ nÃ©t vÃ  Ã¢m thanh hay. Tá»‘i báº¥t xem film thÃ¬ chuáº©n",0
"MÃ¡y á»•n, má»›i má»Ÿ xÃ i nÃªn chá» lÃ¢u má»›i rÃµ",0
"Hehe tháº­t ra ham mua váº­y chá»© cÅ©ng khÃ´ng dÃ¹ng nhiá»u. NhÆ°ng mÃ  thÃ­ch, trong táº§m giÃ¡.",0
Shop Giao hÃ ng nhanh gÃ³i hÃ ng ká»‰ .sáº£n pháº©m tá»‘t Ã¢m thanh hÃ¬nh áº£nh cháº¥t lÆ°á»£ng .quÃ¡ Ä‘áº¹p  .Ä‘Ã¡ng Ä‘Æ°á»£c 5 sao .sáº½ giá»›i thiá»‡u báº¡n bÃ¨ á»§ng há»™ shop .,0
"Video hÃ¬nh áº£nh Ä‘áº¹p, cÃ³ *** hÆ°á»›ng dáº«n táº­n tÃ¬nh. Ráº¥t ok.",0
"mÃ¡y cháº¥t lÆ°á»£ng tá»‘t, cÃ³ kho phim lá»›n, hÃ¬nh áº£nh hd rÃµ nÃ©t, tuy nhiÃªn mÃ¡y cháº¡y nhanh bá»‹ nÃ³ng",0
"Video rÃµ nÃ©t ,mÃ¡y dá»ƒ sá»­ dá»¥ng",0
"HÃ¬nh áº£nh Ä‘áº¹p, sáº¯c nÃ©t, mÃ¡y hÆ¡i á»“n.",0
"SÃ¡ng, rÃµ nÃ©t, nhÆ°ng pháº§n focus chá»‰ tháº¥y nÃ³ nÃ©t Ä‘Æ°á»£c chÃ­nh giá»¯a, 2 bÃªn rÃ¬a váº«n má» má»",0
"RÃµ nÃ©t, Ã¢m thanh sá»‘ng Ä‘á»™ng",0
"MÃ¡y xÃ i tá»‘t, Ã¢m thanh lá»›n, hÃ¬nh áº£nh rÃµ nÃ©t so vá»›i táº§m giÃ¡. ÄÃ¡ng tiá»n",0
"MÃ¡y á»•n, phÃ¡t hÃ¬nh Ä‘áº¹p sÃ¡ng nhÆ°ng mÃ¡y cháº¡y hÆ¡i nÃ³ng.",0
DÃ¹ng ráº¥t ok,0
"Gá»n, Ä‘áº¹p, cháº¥t lÆ°á»£ng táº¡m á»•n",0
Äáº¹p nÃ©t,0
Sá»­ dá»¥ng táº¡m á»•n khi di du lá»‹ch,0
DÃ¹ng khÃ¡ oke,0
Tá»‘t,0
"mÃ¡y bá»‹ lá»—i, Ä‘ang xem tá»± Ä‘á»™ng táº¯t trÃ¬nh chiáº¿u máº·c dÃ¹ Ä‘Ã£ cÃ i Ä‘áº·t táº¯t cháº¿ Ä‘á»™ báº£o vá»‡ mÃ n hÃ¬nh",1
"Ko nÃ©t nhÆ° monh chá», chá»‰nh cá»¡ nÃ o cÅ©ng rÃµ á»Ÿ 1 má»©c Ä‘á»™ ráº¥t thÆ°á»ng. Coi phim lÃ¢u nhá»©c máº¯t .Ã‚m thanh thÃ¬ tá»‘t",2
Cháº¥t lÆ°á»£ng ráº¥t tá»‘t vá»›i má»©c giÃ¡ ráº». NGON NGON NGON!!!,0
GiÃ¡ quÃ¡ tá»‘t cho sáº£n pháº©m nÃ y,0
"Chá»‰nh tÆ°Æ¡ng pháº£n trong cÃ i Ä‘áº·t,  thÃªm 100k sÆ¡n tÆ°á»ng, thÃªm remote g60 xá»‹n ná»¯a lÃ  háº¿t bÃ i nhÃ©",0
HÃ i lÃ²ng,0
"Giao hÃ ng nhanh, LÃºc Ä‘áº§u xem xong cáº£m giÃ¡c Ä‘au Ä‘áº§u, buá»“n nÃ´n (cáº£ gia Ä‘Ã¬nh cÃ¹ng 1 triá»‡u chá»©ng, xem film chuáº©n 1080p cá»§a galaxy play phÃ¡t báº±ng Ip 14)... má»›i phÃ¡t Ä‘Æ°á»£c 10p Ä‘Ã£ pháº£i ngá»«ng... Tuy nhiÃªn Ä‘Ã£ Ä‘Æ°á»£c cÃ¡c báº¡n há»• trá»£ hÆ°á»›ng dáº«n cá»¥ thá»ƒ cÃ¡ch dÃ¹ng vÃ  quan trá»ng lÃ  chá»‰nh láº¡i gÃ³c mÃ¡y, má»i viá»‡c Ä‘Æ°á»£c xá»­ lÃ½. Tks! ",0
"Giao hÃ ng tá»‘t, trÆ°á»›c háº¡n tuy nhiÃªu nháº¯n tin shop khÃ´ng há»— trá»£, khÃ´ng sá»­ dá»¥ng Ä‘c chá»©c nÄƒng kiki trá»£ lÃ½ giá»ng nÃ³i",0
"Giao hÃ ng nhanh, LÃºc Ä‘áº§u xem xong cáº£m giÃ¡c Ä‘au Ä‘áº§u, buá»“n nÃ´n (cáº£ gia Ä‘Ã¬nh cÃ¹ng 1 triá»‡u chá»©ng, xem film chuáº©n 1080p cá»§a galaxy play phÃ¡t báº±ng Ip 14)... má»›i phÃ¡t Ä‘Æ°á»£c 10p Ä‘Ã£ pháº£i ngá»«ng... Tuy nhiÃªn Ä‘Ã£ Ä‘Æ°á»£c cÃ¡c báº¡n há»• trá»£ hÆ°á»›ng dáº«n cá»¥ thá»ƒ cÃ¡ch dÃ¹ng vÃ  quan trá»ng lÃ  chá»‰nh láº¡i gÃ³c mÃ¡y, má»i viá»‡c Ä‘Æ°á»£c xá»­ lÃ½. Tks! ",1
"Giao hÃ ng tá»‘t, trÆ°á»›c háº¡n tuy nhiÃªu nháº¯n tin shop khÃ´ng há»— trá»£, khÃ´ng sá»­ dá»¥ng Ä‘c chá»©c nÄƒng kiki trá»£ lÃ½ giá»ng nÃ³i",1
"HÃ¬nh áº£nh má», tÆ°Æ¡ng thÃ­ch iPhone kÃ©m, nhiá»u lá»—i khi káº¿t ná»‘i iPhone so vá»›i cÃ¡c thiáº¿t bá»‹ khÃ¡c nhÆ° FPT box hay iBox TVâ€¦",2
"á»ng nhÃ²m nhá» gá»n dá»… mang theo. NhÃ¬n khÃ¡ tá»‘t, á»Ÿ khoáº£ng cÃ¡ch 100 m cÃ³ thá»ƒ Ä‘á»c Ä‘Æ°á»£c biá»ƒn sá»‘ xe.",0
"sáº£n pháº©m Ä‘áº¹p, nhá» gá»n, táº§m nhÃ¬n tá»‘t. khÃ´ng biáº¿t sáº£n pháº©m Ä‘áº¯t tiá»n hÆ¡n cÃ²n nhÃ¬n rá» Ä‘áº¿n má»©c nÃ o ná»¯a.???",0
Tá»‘t,0
"HÃ ng gÃ³i kÄ© ,hÃ¬nh áº£nh rÃµ nÃ©t , nhá» gá»n tiá»‡n lá»£i cho viá»‡c mang trong ngÆ°á»i á»Ÿ má»i nÆ¡i . Ráº¥t hÃ i lÃ²ng vá»›i sáº£n pháº©m",0
"á»‘ng nhÃ²m tá»‘t Ä‘Ãºng sáº£n pháº©m Ä‘Ã£ chá»n,nhÃ¬n tá»‘t nhá» gá»n phÃ¹ há»£p Ä‘á»ƒ mang theo du lá»‹ch . cáº£m Æ¡n tiki Ä‘Ã£ giao hÃ ng Ä‘Ãºng háº¹n",0
Ok,0
"TÃ´i hÃ i lÃ²ng vá» sáº£n pháº©m, giao hÃ ng vÃ  Ä‘Ã³ng gÃ³i chu Ä‘Ã¡o.",0
Sáº£n pháº©m ok,0
Nhá» ngá»n nhÃ¬n tá»‘t!,0
"Shop giao hÃ ng sá»›m, hÃ ng Ä‘Ã³ng gÃ³i kÄ©, cáº©n tháº­n, sáº£n pháº©m giá»‘ng nhÆ° Ä‘Ã£ chá»n.NÃ³i chung lÃ  ok",0
Shop giao hÃ ng nhanh. HÃ ng Ä‘Æ°á»£c Ä‘Ã³ng gÃ³i ráº¥t cáº©n tháº­n. Cáº£m Æ¡n shop Ráº¥t hÃ i lÃ²ng!,0
"san pham nhá» gá»n, tiá»‡n mang Ä‘i du lá»‹ch, tuy nhirn mÃ¹i nhá»±a cÃ²n náº·ng mÃ¹i",0
ok,0
"sáº£n pháº©m dÃ¹ng chÃ¡n láº¯m, ráº¥t nhanh mÃµi máº¯t.",1
loÃ¡ng khÃ³ nhÃ¬n.Ä‘áº·c biá»‡t ráº¥t rá»©c máº¯t vÃ  chÃ³ng máº·t,2
sáº£n pháº©m nhá» nÃªn nhÃ²m Ä‘au máº¯t,2
"(*) ÄÃ¡nh giÃ¡ khÃ´ng tÃ­nh Ä‘iá»ƒm
Táº¡m Ä‘Æ°á»£c. HÆ¡i nhá» vÃ  ko zum dc",2
Sáº£n pháº©m Ä‘áº¹p da má»m máº¡i,0
ok hÃ ng Ä‘áº¹p,0
Ok,0
"hÃ ng nhÃ¬n Ä‘áº¹p nhÆ°ng giao hÃ ng khÃ´ng Ä‘Ãºng máº«u,,mua 2 mÃ u khÃ¡c nhau mÃ  giao 1 mÃ u 1 kiá»ƒu,,giáº­n khÃ´ng thÃ¨m mua shop nÃ y ná»¯a",1
"Ui thiáº¿u kiáº¿n thá»©c Ä‘i chá»£ mÃ  lÃªn máº¡ng mua Ä‘á»“ váº«n tÃ¬m Ä‘Æ°á»£c shop chuyÃªn nghiá»‡p, tháº¥u tÃ¬nh. Ä‘c gá»i Ä‘iá»‡n trÆ°á»›c Ä‘á»ƒ xÃ¡c Ä‘á»‹nh giá» giao hÃ ng phÃ²ng khi bá»‹ phong tá»a, hÃ ng Ä‘áº¿n chÃ´n ngoÃ i chá»‘t covid 2 tiáº¿ng váº«n láº¡nh do Ä‘Æ°á»£c Ä‘á»ƒ trong thÃ¹ng báº£o Ã´n... Cá»© lo mÃ£i vÃ¬ quÃªn ko nháº¯c shop nhá»› chÃº Ã½ cáº¥p Ä‘Ã´ng vÃ¬ buá»•i sÃ¡ng shipper Ä‘áº¿n hÃ ng ko qua Ä‘Æ°á»£c chá»‘t pháº£i háº¹n láº¡i buá»•i chiá»u, buá»•i chiá»u nháº­n Ä‘Æ°á»£c thÃ¬ thá»±c pháº©m háº¿t Ã½ quÃ¡ rá»“i. Láº§n sau láº¡i mua. ",0
"Bá»¯a mÃ¬nh mua cÃ³ coupon xá»‹n láº¯m, cáº£m Æ¡n Tiki. Ship giao hÃ ng nhanh vÃ  Ä‘á»§ cÃ¢n. MÃ¬nh sáº½ náº¥u tháº­t ngon",0
"Oki, Ä‘Ã³ng gÃ³i Ä‘áº¹p hÃºt chÃ¢n khÃ´nh",0
CÃ¡ cáº¯t khÃºc nÃªn ráº¥t tiá»‡n áº¡,0
Giao hÃ ng nhanh. Cháº¥t lÆ°á»£ng tá»‘t láº§ sau mua themm,0
"Giao hÃ ng nhanh, Ä‘á»“ ok. Äáº·t tá»‘i mÃ  sÃ¡ng hÃ´m sau Ä‘Æ°á»£c giao luÃ´n",0
.,0
"ÄÃ³ng gá»i cáº©n tháº­n, giao hÃ ng nhanh, Ä‘á»§ sá»‘ lÆ°á»£ng",0
TÆ°Æ¡i,0
ngon,0
"Giao 2 tÃºi 0.5kg, Ä‘Ã£ cáº¯t lÃ¡t sáºµn, lÃºc mua tháº¥y giÃ¡ 63k/kg, giá» tháº¥y flash sale gÃ³i 0.5kg ráº» hÆ¡n",0
"Giao 2 tÃºi 0.5kg, Ä‘Ã£ cáº¯t lÃ¡t sáºµn, lÃºc mua tháº¥y giÃ¡ 63k/kg, giá» tháº¥y flash sale gÃ³i 0.5kg ráº» hÆ¡n",1
